Range (AU),Range rate (AU/day),Angle (rad),Angular rate (rad/day)
2.133308E+00,3.664606E-03,9.770533E-01,-4.586098E-03
1.908573E+00,8.888653E-03,1.160662E+00,5.911552E-03
2.113991E+00,5.667439E-05,2.656841E+00,4.874446E-03
1.781492E+00,3.859195E-03,2.450110E+00,-4.909009E-03
2.529540E+00,-2.313101E-04,1.692584E+00,-3.673317E-03
9.441188E-01,-8.017826E-03,4.339256E+00,1.864420E-02
1.109874E+00,2.632082E-03,1.172664E+00,-1.347731E-02
4.918564E+00,-2.737857E-03,4.012593E-01,-9.663805E-04
1.717227E+00,6.969357E-03,4.615341E+00,-6.670616E-03
1.336613E+00,-3.741071E-03,4.600723E+00,9.439044E-03
1.653837E+00,3.790365E-03,2.753207E+00,7.428550E-03
2.843261E+00,-4.499279E-04,4.812260E+00,2.726591E-03
6.619429E-01,-1.091726E-03,6.700814E-01,3.630895E-02
5.161840E+00,-1.731206E-03,3.995754E+00,9.406020E-04
4.886573E+00,-1.965464E-03,9.749573E-01,1.092329E-03
1.477493E+00,-3.147998E-03,4.474438E+00,8.082117E-03
1.567049E+00,6.449263E-03,1.509629E-01,7.687654E-03
2.685717E+00,-2.651891E-03,3.322952E+00,-2.931649E-03
1.307997E+00,4.930180E-03,2.806681E-01,1.053317E-02
3.274065E+00,4.936505E-03,2.587973E+00,2.117358E-03
2.179343E+00,2.048726E-03,3.383807E+00,-4.519310E-03
1.097177E+00,8.833728E-04,3.396132E+00,-1.709250E-02
2.708306E+00,-5.560601E-03,5.742200E+00,2.882219E-03
5.855009E+00,1.477245E-03,7.168755E-01,-7.526796E-04
2.786882E+00,1.678296E-03,1.227216E+00,-2.904646E-03
6.625233E-01,-9.334888E-03,6.991435E-01,3.479419E-02
2.423140E+00,4.681760E-03,5.845014E+00,-3.760731E-03
1.212721E+00,5.182964E-03,4.948796E+00,1.491741E-02
5.313895E+00,-1.171123E-03,2.289890E+00,-9.079947E-04
1.975853E+00,-2.183913E-03,2.409264E+00,-4.243307E-03
6.550164E-01,1.423164E-03,3.580745E+00,-3.634149E-02
1.892418E+00,5.019433E-03,5.237070E+00,6.488559E-03
6.037744E+00,1.403513E-03,2.473614E+00,-6.687541E-04
1.173042E+00,8.653453E-03,4.456166E+00,1.114362E-02
1.077892E+00,3.904045E-03,1.034431E-01,1.856492E-02
7.119866E-01,-5.027048E-03,3.252780E+00,3.362864E-02
4.106883E+00,-3.567115E-03,1.159305E+00,1.521931E-03
9.097375E-01,-1.543308E-03,1.654357E+00,-2.240207E-02
1.499584E+00,-3.262354E-03,1.182685E-01,9.467127E-03
1.717349E+00,-2.598939E-03,1.666088E+00,6.177750E-03
1.409933E+00,-1.223117E-06,5.992113E+00,-7.568243E-03
3.129513E+00,-5.025660E-03,5.513892E+00,2.643080E-03
7.858585E-01,-9.440026E-03,4.016268E+00,-2.447669E-02
2.251176E+00,-5.149515E-04,2.231003E+00,-4.164633E-03
3.352647E+00,9.762735E-04,4.587247E+00,-1.634112E-03
1.600237E+00,5.220375E-03,3.696782E+00,7.020956E-03
8.381881E-01,5.490811E-03,1.730394E+00,-2.379747E-02
3.529770E+00,-1.030317E-03,4.068951E+00,1.940495E-03
2.083977E+00,-1.379581E-03,4.665481E+00,4.932831E-03
3.095768E+00,-1.016421E-03,2.646907E+00,-2.080484E-03
4.148919E+00,5.729706E-03,5.949194E+00,1.530216E-03
8.599037E-01,-3.836180E-03,1.975033E+00,-2.209110E-02
1.616322E+00,3.066667E-03,5.705515E+00,7.925317E-03
2.224399E+00,-4.252745E-03,1.057725E+00,-4.934294E-03
1.492817E+00,-2.442583E-04,2.310502E+00,-7.650111E-03
1.990544E+00,3.967425E-03,2.336858E+00,5.368045E-03
2.827576E+00,-3.076053E-03,1.619517E+00,3.074084E-03
2.979818E+00,-3.286809E-03,4.969220E+00,2.678191E-03
8.937116E-01,7.347417E-03,2.248537E+00,1.967461E-02
6.417496E-01,-2.684555E-03,5.094627E-02,4.136299E-02
2.322290E+00,4.224845E-03,5.636389E+00,-4.257373E-03
2.683167E+00,8.793572E-04,1.217717E+00,3.216422E-03
1.326351E+00,-7.247338E-03,5.183622E+00,-9.013120E-03
1.389266E+00,-1.774029E-03,5.164194E+00,-8.963847E-03
9.501766E-01,4.791897E-03,9.209622E-01,1.637731E-02
2.173322E+00,3.053491E-03,4.244414E+00,4.459627E-03
9.701852E-01,1.747450E-03,1.671546E+00,-2.176446E-02
2.323952E+00,-3.623440E-03,2.646437E+00,-4.043467E-03
2.351258E+00,-4.056029E-04,3.878414E+00,-3.732854E-03
8.156036E-01,-6.849249E-03,4.634015E+00,2.591206E-02
5.744438E+00,2.390649E-03,5.981582E+00,-7.849353E-04
2.904854E+00,5.547704E-03,6.097216E+00,-2.794120E-03
8.638191E-01,-6.038302E-03,7.725128E-01,-2.363223E-02
5.199309E+00,4.010303E-03,2.863589E-01,-9.567829E-04
2.068923E+00,1.503876E-03,5.155594E+00,5.138329E-03
1.107067E+00,2.803343E-03,2.966880E+00,-1.352922E-02
1.003992E+00,4.066116E-03,4.540949E+00,-1.767587E-02
2.196573E+00,4.080856E-03,4.866983E+00,4.862079E-03
1.368134E+00,-4.301111E-03,2.289719E-01,1.110119E-02
1.014653E+00,-2.850607E-03,2.615808E+00,-1.490695E-02
1.944528E+00,-5.617391E-03,6.021743E+00,6.782043E-03
5.588884E+00,-6.176245E-06,3.552852E+00,8.446124E-04
1.902543E+00,1.759877E-03,8.033567E-01,4.924843E-03
2.022476E+00,-6.799573E-03,6.144298E+00,5.361332E-03
4.049200E+00,2.833206E-03,3.348159E+00,-1.259231E-03
1.077731E+00,-5.387644E-03,4.591657E+00,1.519926E-02
4.380747E+00,-3.027369E-03,3.010083E+00,-1.345498E-03
1.214857E+00,5.998227E-03,4.832096E-01,-1.203510E-02
1.644245E+00,-8.524344E-03,6.148763E+00,6.929548E-03
3.037880E+00,5.700868E-04,2.861537E+00,-2.289522E-03
1.524272E+00,3.808268E-03,3.249262E-01,1.154114E-02
7.975350E-01,5.328850E-03,3.722468E+00,2.309939E-02
2.775664E+00,-4.416258E-03,2.081570E+00,-2.294931E-03
2.574932E+00,5.874089E-03,6.214174E+00,2.921874E-03
1.461749E+00,4.639811E-03,8.013310E-01,-9.493718E-03
2.128176E+00,-1.053801E-03,5.337866E+00,-4.120096E-03
1.712144E+00,-7.584268E-03,4.208682E+00,-6.686647E-03
1.286588E+00,-3.837058E-03,3.359863E+00,1.256178E-02
1.766608E+00,1.784261E-03,5.508627E+00,-6.611790E-03
7.502157E-01,9.092322E-03,7.377577E-01,-2.627290E-02
1.208774E+00,-7.697250E-03,1.338804E-02,1.106893E-02
1.800835E+00,3.875531E-03,4.373215E+00,-5.431852E-03
5.943323E+00,1.652744E-04,5.375105E-01,6.814541E-04
2.027012E+00,5.490262E-03,7.375362E-01,5.504478E-03
2.753100E+00,5.562411E-03,5.390012E+00,3.194320E-03
1.941212E+00,-3.971495E-03,5.215838E+00,-4.769626E-03
2.825306E+00,2.465648E-03,3.063379E+00,-2.754265E-03
5.869391E+00,1.949069E-03,2.680657E+00,7.393705E-04
6.815816E-01,-1.556280E-03,2.188301E+00,-3.443509E-02
1.636005E+00,-1.735635E-03,2.156963E+00,-7.077980E-03
1.480921E+00,8.873484E-04,4.450155E+00,8.426437E-03
5.615849E-01,-5.351471E-04,5.755720E+00,-5.099613E-02
1.494441E+00,-4.962633E-03,4.910942E+00,9.778820E-03
1.407553E+00,3.409521E-03,2.192172E+00,9.234683E-03
1.776600E+00,4.372666E-03,4.906195E+00,6.849583E-03
2.263340E+00,2.984144E-03,4.933722E+00,4.029359E-03
3.105739E+00,-2.296143E-03,4.901749E-01,-2.550725E-03
2.527333E+00,1.838952E-03,1.632507E+00,-3.051393E-03
2.151666E+00,-4.320419E-03,2.634668E+00,5.268862E-03
1.005539E+00,-6.725897E-03,3.638471E+00,-1.514141E-02
4.776888E+00,-2.661908E-03,1.171206E+00,-1.079942E-03
3.020313E+00,-2.517915E-03,6.232707E+00,2.701122E-03
2.498749E+00,3.990627E-03,4.514410E+00,-3.597576E-03
2.778454E+00,-3.806801E-03,4.606810E+00,2.440755E-03
1.638016E+00,-5.406455E-03,1.874935E+00,-7.483341E-03
1.235478E+00,-4.666202E-03,5.538473E+00,1.045533E-02
2.250659E+00,-3.756299E-03,1.665960E+00,4.336437E-03
2.800046E+00,6.132816E-03,4.500164E+00,-2.928979E-03
2.815652E+00,5.819656E-04,5.574256E+00,2.837968E-03
8.985262E-01,-5.253364E-04,1.393976E+00,-1.740214E-02
4.090077E+00,-4.138775E-03,4.361849E+00,1.436396E-03
1.712690E+00,-6.099032E-03,6.938088E-01,7.188176E-03
1.536184E+00,-6.761115E-05,2.163938E+00,7.115481E-03
5.948032E-01,-2.681776E-03,8.132891E-02,4.239080E-02
1.722862E+00,7.665572E-03,5.638873E+00,6.360340E-03
1.493431E+00,-2.472747E-03,4.050901E+00,-7.397822E-03
1.154208E+00,-3.359473E-03,1.579424E+00,-1.315974E-02
2.227648E+00,-5.409183E-03,1.615668E+00,-4.055158E-03
2.774497E+00,2.167356E-04,5.462410E+00,2.941486E-03
1.985568E+00,8.429349E-04,1.311307E+00,-5.031437E-03
2.531665E+00,-3.095043E-03,3.361971E+00,-2.691877E-03
1.485072E+00,-1.308674E-03,3.503762E+00,-1.095721E-02
2.047134E+00,-4.622104E-03,3.846906E+00,5.766238E-03
2.931207E+00,-2.970061E-03,5.453703E+00,2.201783E-03
2.162905E+00,-8.629034E-03,3.972216E+00,4.640308E-03
3.035743E+00,-5.232246E-03,2.880217E+00,2.791673E-03
2.656688E+00,-7.367327E-04,6.166201E+00,-2.590581E-03
2.022747E+00,-6.105321E-03,5.191743E+00,-4.264246E-03
9.705149E-01,-7.164576E-03,4.862377E+00,1.679679E-02
2.822529E+00,2.912847E-03,4.236782E+00,2.721168E-03
1.754463E+00,3.722893E-03,2.735857E+00,7.808098E-03
9.041408E-01,-7.127812E-03,2.016399E+00,1.827323E-02
2.584532E+00,2.746284E-03,2.308488E+00,-3.452113E-03
8.500927E-01,3.413670E-03,7.550568E-02,2.372694E-02
1.725066E+00,-7.065701E-04,2.628849E-01,5.721315E-03
1.728385E+00,-4.213000E-04,3.452047E+00,-6.324059E-03
7.189151E-01,-1.368712E-03,8.317870E-01,3.438006E-02
2.304347E+00,-7.060125E-03,2.177658E+00,4.531802E-03
2.696401E+00,-3.677732E-03,2.200384E+00,3.331078E-03
9.793473E-01,7.599873E-03,3.291849E+00,-1.669661E-02
5.243334E+00,-1.758605E-03,6.150123E+00,-8.879161E-04
1.711575E+00,-7.463102E-03,5.630783E-01,-5.358809E-03
3.190221E+00,-1.779099E-03,5.229818E+00,-1.790513E-03
1.937228E+00,4.501746E-03,5.892331E+00,-4.948284E-03
1.972271E+00,7.343703E-03,5.471410E+00,4.555497E-03
1.092762E+00,-3.156008E-03,1.389016E+00,1.702965E-02
2.954447E+00,2.990685E-03,1.066902E+00,2.371080E-03
3.958489E+00,1.842893E-03,1.512551E+00,1.434987E-03
1.926315E+00,5.216675E-03,8.955031E-01,6.209985E-03
1.835407E+00,-6.417076E-03,1.527854E+00,6.088306E-03
5.114245E+00,-1.727740E-03,6.012323E+00,9.704898E-04
2.206339E+00,-6.512492E-03,2.806611E+00,-3.801101E-03
2.788645E+00,9.920285E-04,3.778542E+00,2.229761E-03
5.562878E+00,2.730377E-03,4.155431E+00,-8.608188E-04
1.711471E+00,6.926354E-03,6.225483E+00,-6.737964E-03
1.000037E+00,-2.024158E-03,5.970290E+00,-2.067248E-02
2.107020E+00,-3.926216E-03,4.366799E+00,5.004275E-03
2.002162E+00,1.772620E-05,2.007385E+00,4.915147E-03
1.167628E+00,-3.552783E-03,3.511862E+00,-1.280467E-02
2.970408E+00,-1.735890E-03,5.313558E+00,2.294317E-03
2.186660E+00,5.226812E-04,2.841756E+00,4.514418E-03
1.576898E+00,-3.414724E-03,4.840284E+00,-6.822002E-03
1.382747E+00,1.506645E-03,4.370053E+00,1.174761E-02
1.718778E+00,-4.677996E-03,4.377485E+00,-6.318179E-03
2.601709E+00,-2.943714E-03,3.995328E+00,-2.469295E-03
2.762484E+00,4.726530E-03,3.285555E+00,3.332007E-03
1.939482E+00,6.429634E-03,2.780483E+00,-5.105106E-03
5.771678E+00,1.998851E-03,2.385482E-01,-7.850653E-04
1.216360E+00,-8.961559E-03,1.457142E+00,1.225411E-02
1.914372E+00,-1.086847E-03,2.519174E+00,-5.417824E-03
1.165155E+00,-2.535140E-03,5.293201E+00,-1.468755E-02
1.927426E+00,-7.805638E-04,3.164520E+00,-5.354306E-03
1.206197E+00,2.966196E-03,3.997320E+00,1.358201E-02
2.190920E+00,-5.001388E-03,3.855155E+00,-4.341055E-03
2.581110E+00,2.741868E-03,3.120594E+00,-2.781273E-03
4.206767E+00,-4.411535E-03,4.809200E+00,1.256813E-03
1.665972E+00,-8.169664E-04,4.609597E+00,-6.875160E-03
1.249306E+00,-7.818840E-03,4.034089E+00,-1.082071E-02
1.253942E+00,2.879531E-03,2.564729E+00,-9.467353E-03
1.850241E+00,2.372119E-03,2.885831E+00,5.261914E-03
1.346895E+00,2.021497E-03,4.658015E+00,-1.356114E-02
1.651877E+00,2.534344E-03,4.777324E+00,7.619385E-03
1.908340E+00,6.898073E-03,3.097811E+00,5.882144E-03
1.509936E+00,7.196770E-03,4.071550E+00,-8.101852E-03
2.993426E+00,-4.899609E-03,2.347847E+00,-2.314403E-03
2.148364E+00,4.982737E-03,1.700299E+00,-3.522626E-03
1.024351E+00,4.159497E-03,4.172142E+00,-1.697084E-02
1.468068E+00,-2.891367E-03,2.631699E+00,-7.020271E-03
4.209620E+00,-3.235674E-04,2.029904E+00,-1.123307E-03
1.927171E+00,4.979398E-03,2.599113E+00,5.584822E-03
1.583801E+00,-3.004205E-03,4.606105E+00,6.831539E-03
1.882612E+00,8.396763E-03,4.762993E+00,-6.286965E-03
5.262018E+00,-2.147436E-03,2.883455E+00,-8.270723E-04
6.531104E-01,2.609507E-03,4.342317E+00,3.516738E-02
3.703741E+00,6.250229E-03,5.927677E+00,-1.951395E-03
1.397305E+00,8.537190E-04,1.635584E+00,9.000982E-03
9.748613E-01,-5.865373E-03,4.102673E+00,-1.775971E-02
1.114296E+00,-3.543816E-03,4.311976E-02,-1.411194E-02
1.389973E+00,3.522033E-03,3.476521E+00,-8.853110E-03
1.318871E+00,8.603955E-03,6.083015E+00,9.609828E-03
1.006116E+00,-5.158934E-03,3.404614E+00,-2.060118E-02
8.458977E-01,-4.012651E-03,3.054289E+00,-2.573085E-02
3.251359E+00,6.743822E-03,3.602373E+00,2.554947E-03
3.850550E+00,5.546913E-04,2.588295E+00,1.580185E-03
3.326869E+00,3.658542E-05,9.430645E-01,-1.670576E-03
2.579487E+00,-1.311605E-03,2.892011E+00,3.426487E-03
1.309789E+00,2.026414E-03,4.351225E+00,1.038281E-02
1.314975E+00,9.468295E-03,4.355085E+00,-1.142933E-02
1.525191E+00,3.553344E-03,3.344252E+00,-8.891102E-03
2.090319E+00,-1.178974E-03,2.095791E+00,3.653893E-03
3.766102E+00,2.885940E-03,4.473687E+00,-1.615548E-03
1.888379E+00,-6.578074E-03,5.093057E+00,7.628459E-03
2.579675E+00,1.560170E-03,2.041814E+00,-3.536295E-03
8.469754E-01,4.825473E-03,2.146149E+00,2.230668E-02
6.291986E-01,5.377510E-03,4.091168E+00,3.448298E-02
3.314661E+00,-4.328112E-03,4.646729E+00,1.785865E-03
5.364511E+00,3.774088E-03,5.857912E+00,8.840255E-04
2.422131E+00,3.734372E-03,1.186773E+00,-3.923656E-03
2.898997E+00,-4.403114E-03,1.098266E+00,-2.657334E-03
1.732724E+00,-3.084243E-03,1.163715E+00,-5.951443E-03
3.345457E+00,-1.452637E-03,1.172602E+00,2.198842E-03
2.389894E+00,-6.776548E-03,5.004677E+00,-4.267473E-03
1.458754E+00,-4.236275E-03,4.348342E+00,-1.098393E-02
7.403491E-01,6.940853E-03,5.193644E+00,-2.625113E-02
8.040024E-01,6.398323E-03,7.325327E-01,-2.477667E-02
2.061202E+00,1.163397E-03,5.949658E+00,-5.188813E-03
3.622523E+00,-1.638524E-03,1.613197E+00,-1.744786E-03
2.505594E+00,-7.244943E-03,2.628757E+00,-3.704655E-03
2.280591E+00,-7.160876E-03,2.876915E+00,-4.603624E-03
4.498816E+00,-2.958574E-03,2.474270E+00,-1.254405E-03
5.434847E+00,-1.602060E-03,2.491380E+00,7.945606E-04
6.363039E-01,6.267138E-03,4.624768E+00,-3.640137E-02
5.395926E+00,-7.001468E-04,5.551490E+00,-9.018118E-04
1.252373E+00,-4.205004E-03,4.011411E+00,-1.084691E-02
2.134813E+00,-1.033868E-03,2.031733E+00,4.694139E-03
1.039140E+00,4.529851E-03,5.326819E+00,1.765243E-02
1.247820E+00,3.269194E-03,2.684749E+00,1.140268E-02
2.869683E+00,5.382110E-03,2.125124E+00,-2.918899E-03
3.269513E+00,-4.442203E-03,1.964798E+00,1.843805E-03
3.635376E+00,-8.450395E-04,8.627433E-01,-1.800040E-03
2.465119E+00,2.527639E-03,5.671157E+00,3.891415E-03
4.284180E+00,-3.777756E-03,3.844769E+00,1.309701E-03
1.647482E+00,1.459191E-03,4.926009E+00,7.108155E-03
1.400325E+00,3.596882E-05,3.582587E-01,-8.343894E-03
5.352234E+00,3.398716E-03,3.554468E+00,-9.287271E-04
8.261712E-01,-1.794156E-03,1.931452E+00,2.592050E-02
2.498537E+00,-5.736680E-03,2.466097E+00,4.133918E-03
1.167574E+00,-4.556364E-03,4.568110E+00,1.255908E-02
9.363200E-01,-4.822667E-03,5.128527E+00,1.840892E-02
9.854105E-01,7.628044E-03,5.258714E-01,-1.979320E-02
2.378458E+00,7.678385E-04,3.676255E+00,3.654044E-03
2.415647E+00,1.014938E-03,1.153868E+00,-3.502935E-03
1.674441E+00,-4.473402E-03,2.003463E+00,-8.515164E-03
1.416922E+00,9.636436E-03,5.225009E+00,-9.728608E-03
2.083587E+00,-7.856410E-03,4.813669E+00,-5.340653E-03
8.151633E-01,-4.117880E-03,4.411472E+00,-2.740886E-02
5.048374E+00,-1.703808E-03,1.731281E+00,-1.014708E-03
2.579719E+00,1.373565E-03,4.547278E+00,-2.889018E-03
5.710483E-01,-5.652384E-03,4.759226E+00,4.412951E-02
1.024777E+00,1.737979E-03,6.477608E-01,-2.050443E-02
1.402854E+00,-3.287627E-03,2.528498E+00,-7.876523E-03
9.842076E-01,-4.798968E-03,3.154615E+00,-1.952299E-02
1.226580E+00,4.838319E-03,8.161847E-01,1.212997E-02
5.442037E+00,-7.242178E-04,9.423395E-01,-8.747987E-04
3.287500E+00,-1.579524E-03,4.044652E+00,-2.287091E-03
2.692014E+00,5.771589E-03,5.014554E-01,-3.324999E-03
2.311550E+00,-5.491447E-03,8.339608E-01,-3.650219E-03
1.313283E+00,-4.839548E-03,5.924584E+00,-9.537014E-03
1.776506E+00,5.288644E-03,1.933013E+00,-5.290575E-03
2.248542E+00,-5.104222E-03,3.916843E+00,-4.653719E-03
2.635940E+00,-2.006988E-03,4.822773E+00,-2.517380E-03
3.085357E+00,2.632480E-03,2.497844E+00,-2.099210E-03
1.888980E+00,2.729818E-03,1.092690E+00,6.222188E-03
1.565576E+00,4.123383E-03,5.274978E+00,-1.027026E-02
8.789733E-01,-1.106728E-03,5.500047E+00,1.826316E-02
2.281008E+00,-3.010854E-03,5.455236E+00,-3.730790E-03
2.262810E+00,-5.688112E-03,9.803725E-01,-3.808926E-03
5.305356E+00,-1.646404E-03,2.795937E+00,-8.640204E-04
2.141589E+00,3.286645E-03,1.352667E+00,4.595700E-03
1.422780E+00,-1.989517E-03,1.303839E+00,-7.828676E-03
2.324179E+00,7.625423E-03,1.174658E+00,4.918258E-03
3.047097E+00,-3.734285E-03,3.216845E+00,-2.451485E-03
1.916117E+00,-6.179489E-03,4.213358E+00,-6.210723E-03
2.602680E+00,1.406883E-04,3.439791E+00,3.449594E-03
1.549865E+00,7.656141E-03,1.800919E+00,-7.433147E-03
5.672790E+00,2.209395E-03,1.355094E+00,-8.278207E-04
2.584841E+00,-3.288949E-04,3.740561E+00,-2.856624E-03
1.286039E+00,6.692168E-03,4.709637E+00,1.036711E-02
3.140161E+00,4.536472E-03,5.673279E+00,2.455032E-03
5.151848E+00,-1.408283E-03,4.431919E+00,-9.808700E-04
2.893906E+00,-9.251130E-04,5.980256E+00,2.563660E-03
1.482821E+00,-1.191667E-03,1.524560E+00,8.304166E-03
5.709804E+00,2.669699E-03,5.875752E+00,-7.882692E-04
1.532791E+00,-2.991549E-03,5.623508E+00,8.570269E-03
2.228535E+00,1.306400E-03,3.047676E+00,4.309015E-03
1.184081E+00,-9.337413E-03,4.839739E-01,-1.276418E-02
3.442142E+00,-8.223818E-04,2.413673E-01,-2.093403E-03
5.794823E+00,6.400665E-04,1.604260E+00,7.699404E-04
1.236504E+00,5.420120E-03,5.826950E+00,-1.176337E-02
8.776306E-01,-3.304944E-03,3.321524E+00,-2.190752E-02
6.588723E-01,-1.284916E-03,5.788182E+00,-3.659655E-02
1.857505E+00,3.164474E-03,1.554031E+00,6.404058E-03
2.090886E+00,2.247719E-03,3.576075E+00,4.976879E-03
1.367007E+00,-2.914331E-03,5.560545E+00,8.520056E-03
1.232636E+00,8.340157E-03,2.202642E-01,1.348496E-02
1.346976E+00,-4.393181E-03,2.870596E-01,-1.141792E-02
2.491721E+00,-1.339786E-03,3.559793E+00,3.719470E-03
3.484059E+00,-2.417237E-03,5.904621E+00,1.857585E-03
6.588398E-01,-1.347568E-03,6.263508E+00,-3.659515E-02
8.731744E-01,-4.292531E-03,3.575385E-01,-2.248184E-02
7.539672E-01,-8.677385E-03,4.236646E+00,-2.832063E-02
1.508659E+00,3.593661E-03,6.923302E-01,8.450542E-03
1.631362E+00,8.016600E-03,3.557578E+00,-7.826525E-03
5.356095E+00,-8.251039E-04,3.726195E+00,9.140854E-04
1.012578E+00,6.913005E-03,9.404460E-03,-1.982751E-02
1.636470E+00,2.289616E-03,2.199496E+00,-5.886640E-03
2.346206E+00,-5.169285E-03,5.960073E+00,4.223314E-03
1.605077E+00,-2.382145E-03,3.991437E-01,8.925101E-03
1.707549E+00,7.355990E-03,3.744056E+00,-7.330720E-03
5.759202E+00,8.087666E-04,2.999368E+00,-7.915438E-04
3.782867E+00,-1.738843E-03,3.287419E+00,1.509705E-03
2.293018E+00,-9.749498E-04,1.682462E+00,-3.299452E-03
2.295409E+00,3.736271E-03,8.960379E-01,-4.451117E-03
3.191836E+00,1.995761E-03,2.055573E+00,1.918388E-03
3.042408E+00,-3.971116E-03,3.725183E+00,-2.415673E-03
1.908812E+00,-4.678960E-03,3.865874E+00,-4.806474E-03
1.676468E+00,7.146525E-04,5.956754E+00,6.837176E-03
1.491637E+00,-9.675389E-03,1.023020E+00,8.808539E-03
4.173778E+00,9.326274E-04,3.875959E+00,1.203406E-03
9.934888E-01,-1.513116E-03,2.522945E+00,1.970911E-02
1.982015E+00,2.093450E-03,2.927273E-01,5.003756E-03
1.259134E+00,-3.287772E-03,1.223287E+00,1.149705E-02
1.848023E+00,-7.109886E-04,5.386405E+00,5.922306E-03
2.454907E+00,-1.235821E-03,3.518931E+00,-3.860422E-03
1.607960E+00,-9.684994E-03,5.717505E+00,-7.463030E-03
1.965709E+00,3.089784E-03,6.927549E-01,-4.334433E-03
1.027704E+00,-7.149913E-03,2.500726E+00,1.420944E-02
2.024636E+00,-8.285540E-03,6.222583E+00,-5.522465E-03
2.439252E+00,3.052165E-03,5.494836E+00,3.941677E-03
1.937695E+00,-5.024490E-03,4.361140E+00,-5.153323E-03
9.935812E-01,9.005022E-03,5.211873E+00,-1.964141E-02
1.068184E+00,-1.168294E-02,3.626326E+00,1.504779E-02
9.323727E-01,2.050359E-03,2.789622E+00,-1.646332E-02
1.330436E+00,5.772607E-03,5.396194E+00,8.571625E-03
1.160460E+00,-1.987616E-03,4.797053E-01,1.485222E-02
2.662757E+00,4.092764E-03,3.403685E+00,-3.028940E-03
2.099044E+00,-6.974043E-03,1.267651E+00,-4.873838E-03
1.029532E+00,-4.536812E-03,3.069837E+00,-1.630746E-02
1.850629E+00,3.392616E-03,4.600794E+00,6.425223E-03
3.836083E+00,6.051731E-03,4.076560E+00,1.821864E-03
2.961498E+00,2.706549E-03,1.030717E+00,2.383319E-03
1.563288E+00,3.054741E-03,3.730381E+00,-9.800615E-03
3.530952E+00,-1.707317E-03,5.123045E+00,-1.873442E-03
1.036021E+00,1.587408E-03,2.743519E+00,-1.453709E-02
1.276234E+00,-7.366184E-03,4.425954E+00,-1.241054E-02
3.037924E+00,-3.154504E-03,4.450828E-01,2.571429E-03
1.631402E+00,3.588001E-03,3.126402E+00,7.690455E-03
9.269597E-01,1.731618E-04,1.725307E+00,2.170777E-02
1.230501E+00,3.477930E-03,1.843106E+00,-9.839450E-03
5.631878E-01,-4.252770E-03,1.755017E+00,-4.633140E-02
5.170825E+00,-1.632447E-03,3.765832E+00,9.460399E-04
1.516275E+00,2.317663E-03,2.222636E+00,8.522062E-03
5.507885E+00,3.499486E-03,6.061086E+00,8.310039E-04
1.172089E+00,3.378453E-03,6.020492E+00,-1.553633E-02
2.642345E+00,1.823199E-03,4.747402E+00,2.655185E-03
3.949983E+00,5.866274E-03,2.502244E+00,1.722789E-03
2.741604E+00,1.848357E-03,3.490477E+00,3.025490E-03
3.328407E+00,4.836913E-03,4.044652E-01,2.035244E-03
2.043122E+00,-1.075974E-03,1.163615E+00,-4.599421E-03
1.819502E+00,6.443721E-04,3.974423E+00,6.200173E-03
2.434607E+00,-3.446424E-03,2.625135E+00,3.638267E-03
2.656806E+00,-6.133145E-03,5.566348E+00,-3.534664E-03
3.055839E+00,-2.468266E-03,5.992326E+00,2.631841E-03
1.080707E+00,-5.474557E-03,4.528965E+00,1.567625E-02
1.116791E+00,2.199141E-03,5.749299E+00,1.645100E-02
5.687271E+00,-9.607544E-04,1.738522E-01,-7.257468E-04
1.359955E+00,-2.716408E-03,1.217147E+00,1.148344E-02
2.644424E+00,-5.748215E-04,4.231031E+00,-2.642216E-03
3.906428E+00,6.772047E-04,5.091761E+00,1.512480E-03
2.420062E+00,-9.048337E-04,5.950835E+00,2.738879E-03
1.262429E+00,8.220136E-03,3.409713E+00,-1.222658E-02
7.813826E-01,-5.731468E-03,2.854097E-02,2.970456E-02
7.787647E-01,4.150178E-03,4.661209E+00,2.586789E-02
1.354205E+00,-4.899084E-03,2.467825E+00,1.239634E-02
1.592633E+00,-4.483012E-03,9.706139E-01,-9.334848E-03
1.203364E+00,6.066179E-03,2.666317E+00,1.030664E-02
1.088472E+00,-7.750849E-03,6.123346E+00,-1.524650E-02
1.376884E+00,2.380128E-03,5.788750E+00,1.237950E-02
1.653111E+00,-3.975638E-03,4.461182E+00,-8.804597E-03
1.309794E+00,7.412165E-03,6.212623E+00,8.945962E-03
5.713226E+00,2.053672E-03,5.298156E+00,-8.123717E-04
2.279506E+00,-4.392593E-03,3.107662E+00,-4.076377E-03
1.905448E+00,-5.663614E-03,1.020391E+00,-7.032028E-03
1.241492E+00,3.436268E-03,1.103388E+00,1.212824E-02
1.333570E+00,-6.629394E-03,1.707014E+00,9.162805E-03
2.481942E+00,-7.650140E-03,6.114199E+00,-3.653726E-03
1.315128E+00,-4.892210E-03,5.515350E+00,1.243313E-02
1.893425E+00,4.971931E-03,1.162470E+00,5.146926E-03
1.160552E+00,6.555558E-03,1.818000E+00,1.110725E-02
2.057255E+00,-1.809809E-03,2.766743E+00,4.437432E-03
2.785421E+00,5.074754E-03,2.989574E-01,-2.461450E-03
1.146939E+00,-4.244103E-04,3.240791E+00,1.143002E-02
5.147113E+00,4.296052E-03,1.735506E+00,-9.530433E-04
2.003346E+00,3.763637E-03,4.498689E+00,-5.320909E-03
1.112888E+00,-7.600524E-03,4.058576E+00,-1.402343E-02
1.960919E+00,-2.261621E-03,5.736029E+00,-5.553373E-03
4.046264E+00,-7.391186E-04,5.367442E-01,1.279326E-03
1.880705E+00,1.161619E-03,3.426086E-01,5.114092E-03
4.211789E+00,-3.639716E-03,6.290992E-01,-1.404437E-03
1.921773E+00,4.515802E-03,1.501047E+00,-5.052378E-03
1.014227E+00,5.194482E-03,4.038138E+00,-1.452911E-02
2.084139E+00,-3.283744E-03,3.608605E+00,4.663873E-03
2.738764E+00,5.473773E-03,8.803770E-01,3.254278E-03
2.769674E+00,1.528859E-03,3.625926E-01,2.268035E-03
3.424003E+00,3.087921E-03,1.511222E+00,2.113831E-03
4.315346E+00,-3.080048E-03,4.164297E+00,-1.396333E-03
3.546570E+00,-5.731376E-03,3.175605E+00,-1.756393E-03
1.228125E+00,4.591452E-03,1.484024E+00,-1.342467E-02
1.873386E+00,4.552483E-03,3.034818E+00,6.720559E-03
4.911061E+00,-1.879392E-03,7.541197E-01,1.085476E-03
1.233767E+00,8.649533E-03,2.555084E+00,-1.333260E-02
8.141215E-01,-7.073915E-03,3.293857E-01,2.465319E-02
2.193988E+00,4.335278E-03,4.324194E+00,3.440536E-03
3.305502E+00,-1.763634E-03,3.340780E+00,2.236114E-03
1.091326E+00,6.921727E-03,9.070462E-01,-1.536653E-02
2.780259E+00,-3.140870E-03,5.384016E+00,3.186633E-03
1.686458E+00,-2.307780E-03,2.868961E+00,6.508984E-03
3.570861E+00,2.030743E-03,1.825889E+00,-1.951115E-03
1.072359E+00,-1.615438E-03,4.920768E+00,1.332457E-02
1.660616E+00,-2.333191E-03,3.273183E+00,6.752302E-03
2.418373E+00,-4.735608E-03,5.992935E+00,4.038492E-03
1.548968E+00,7.705420E-03,5.814881E-01,-7.422955E-03
1.772486E+00,2.850183E-03,4.263526E+00,-7.122419E-03
1.750952E+00,4.449273E-03,4.059091E+00,-5.735385E-03
1.572383E+00,-4.154270E-03,5.216221E+00,9.030918E-03
7.468815E-01,-3.282327E-03,2.720632E+00,-3.013339E-02
4.214726E+00,5.135179E-04,1.896048E+00,1.153462E-03
1.839179E+00,-4.491207E-03,6.243064E+00,-7.135560E-03
1.203804E+00,-2.008362E-03,1.528923E+00,1.171424E-02
1.694227E+00,-3.566322E-03,8.493972E-01,-7.366106E-03
3.062982E+00,-3.442403E-03,4.299539E+00,2.470103E-03
3.647397E+00,2.040596E-03,4.747563E+00,1.837765E-03
1.842548E+00,-4.909975E-03,6.162605E+00,-7.029511E-03
6.871469E-01,-1.071293E-02,8.657757E-01,-3.371800E-02
8.709582E-01,3.155906E-03,5.810532E-01,1.846120E-02
1.664204E+00,-2.665844E-03,4.579214E+00,-8.311407E-03
9.786357E-01,3.794286E-03,1.750647E+00,-1.740415E-02
2.374866E+00,-4.383083E-04,1.771355E+00,-3.633598E-03
3.553517E+00,3.326560E-03,1.159354E-01,1.880952E-03
3.155804E+00,4.487079E-03,4.734636E+00,2.431062E-03
3.423041E+00,-5.365951E-03,1.805845E+00,2.044925E-03
5.946481E+00,1.897090E-03,5.989565E-01,7.044959E-04
2.181749E+00,-2.522793E-03,1.343487E+00,-3.644473E-03
2.288454E+00,7.332370E-03,3.045918E+00,-3.590197E-03
1.910684E+00,4.114254E-03,3.928524E+00,5.873453E-03
3.228474E+00,-2.157250E-03,2.685225E+00,2.329946E-03
2.602857E+00,1.045992E-03,3.768700E+00,-3.467012E-03
3.111130E+00,-6.045020E-03,5.905627E+00,-2.440818E-03
3.456217E+00,3.626177E-03,4.484830E+00,-2.002103E-03
7.960788E-01,5.826668E-03,5.002223E+00,-2.609951E-02
1.615973E+00,4.124370E-03,4.047567E+00,-9.054329E-03
1.500018E+00,3.249182E-03,4.587081E+00,-1.053365E-02
4.136447E+00,-3.392582E-03,2.645971E+00,-1.519929E-03
1.919436E+00,5.403763E-04,5.046847E+00,4.844776E-03
1.076688E+00,-6.650049E-03,4.685323E+00,-1.356997E-02
5.586410E+00,2.777179E-03,3.615156E+00,8.456117E-04
2.359971E+00,-7.611827E-04,1.398280E+00,-3.673702E-03
1.259222E+00,-2.597001E-03,9.720953E-02,-1.445422E-02
1.359598E+00,-1.505561E-03,5.368227E+00,-9.460226E-03
9.570891E-01,1.295082E-03,2.173213E+00,1.613742E-02
9.338523E-01,-4.568577E-03,5.800258E+00,-1.973033E-02
2.111842E+00,1.213577E-03,2.082938E+00,-4.904564E-03
6.019809E+00,1.368108E-03,6.208316E+00,-6.768565E-04
3.404229E+00,4.630577E-03,4.605314E+00,1.938326E-03
7.295446E-01,4.377237E-03,1.190525E+00,-2.744121E-02
1.754481E+00,-4.747444E-03,6.116244E+00,-8.362101E-03
5.252036E+00,-1.539383E-03,1.667940E+00,9.072346E-04
3.634796E+00,2.763728E-03,1.161300E-01,-1.811409E-03
1.063234E+00,2.552599E-03,1.234343E-01,-1.920542E-02
3.679672E+00,-5.379324E-04,5.680911E+00,1.759501E-03
4.115616E+00,-4.470172E-03,4.235198E+00,-1.339637E-03
9.599469E-01,1.208327E-02,1.637612E+00,1.829513E-02
9.380727E-01,5.065439E-03,2.442907E+00,-2.050357E-02
2.016512E+00,-6.026875E-03,5.323462E+00,4.995521E-03
1.493597E+00,4.509237E-03,3.928660E+00,-1.039857E-02
5.778291E+00,2.630586E-03,1.707323E+00,7.562218E-04
1.751907E+00,-4.181839E-03,3.880691E+00,6.743309E-03
2.626587E+00,5.849971E-04,2.034566E+00,-3.386848E-03
1.899229E+00,5.412573E-03,1.888804E+00,-6.352408E-03
6.385086E-01,7.334435E-03,1.382501E+00,-3.504038E-02
5.460156E+00,3.624236E-03,8.396820E-02,8.450674E-04
1.279940E+00,7.329712E-03,2.182436E+00,-1.022298E-02
1.790293E+00,3.113722E-03,6.248932E+00,6.292857E-03
3.344689E+00,-3.453986E-03,1.450607E-01,1.921167E-03
1.879360E+00,3.446264E-03,9.572101E-01,6.203917E-03
3.967043E+00,8.381842E-04,4.188847E+00,1.440503E-03
3.302311E+00,-1.676654E-03,3.527465E+00,-2.250958E-03
2.342797E+00,2.219760E-03,5.275673E+00,-3.062323E-03
1.048859E+00,-5.951271E-03,4.449418E+00,1.526908E-02
3.051961E+00,6.033942E-03,5.125562E+00,2.328061E-03
1.249633E+00,-6.245168E-03,1.416471E+00,1.022792E-02
1.396229E+00,-4.489144E-03,3.580230E+00,-1.063610E-02
1.476241E+00,-3.041288E-03,4.691177E+00,8.119595E-03
1.351513E+00,8.799716E-03,3.069079E+00,1.038984E-02
2.348119E+00,-4.393298E-03,5.805552E+00,3.116697E-03
1.414922E+00,3.882112E-03,1.727505E+00,-1.031026E-02
5.795524E+00,3.520481E-04,1.146271E+00,7.594148E-04
1.258010E+00,-3.389566E-04,1.131617E+00,-1.077501E-02
2.053556E+00,1.010965E-03,4.528102E+00,5.233633E-03
1.536060E+00,2.115201E-03,4.899410E+00,-1.022865E-02
3.379735E+00,5.408328E-03,1.933607E+00,1.820116E-03
1.460435E+00,-3.555509E-03,6.747476E-01,9.918161E-03
1.675876E+00,3.839897E-03,9.670751E-01,-7.203290E-03
2.466117E+00,6.127485E-03,3.996545E+00,3.989563E-03
2.351277E+00,-5.928706E-03,4.716001E+00,4.636588E-03
3.387365E+00,-3.034097E-04,2.739073E+00,1.537034E-03
2.527738E+00,2.573246E-03,2.612451E+00,-2.990161E-03
3.207125E+00,2.640706E-03,1.185333E+00,1.832513E-03
1.645348E+00,-4.961261E-03,4.494792E+00,8.110431E-03
3.148375E+00,1.083009E-03,6.086515E+00,-2.045709E-03
2.724902E+00,5.064732E-04,1.265577E+00,3.088992E-03
1.443506E+00,-4.276312E-03,3.160690E-01,-8.869998E-03
1.813602E+00,-4.137035E-03,3.423619E+00,6.825916E-03
1.095401E+00,-3.710061E-03,3.211594E+00,1.457681E-02
2.380634E+00,-7.628393E-03,3.653523E+00,-4.040801E-03
2.708289E+00,3.221071E-03,2.058109E+00,-2.286664E-03
5.948363E+00,2.059579E-03,5.185646E+00,-6.992910E-04
1.636900E+00,-5.609019E-03,2.691776E+00,8.035604E-03
5.378930E+00,-8.875040E-04,5.526277E+00,-8.962839E-04
4.877659E+00,4.409908E-03,3.144016E+00,1.121129E-03
1.206271E+00,6.912575E-03,2.646390E+00,1.456668E-02
2.362189E+00,-4.152002E-03,2.892582E+00,-3.120980E-03
8.603968E-01,5.177192E-03,3.585483E+00,2.150545E-02
1.232314E+00,-3.556550E-03,4.613938E+00,1.252533E-02
3.451468E+00,-4.911232E-03,1.829292E+00,2.101973E-03
1.961013E+00,7.517062E-04,1.853493E+00,4.557810E-03
2.087364E+00,1.467375E-03,5.443284E+00,-5.034691E-03
3.619457E+00,1.125281E-03,3.775802E+00,1.898556E-03
1.406975E+00,-9.143335E-03,6.175638E+00,8.098790E-03
1.911368E+00,-6.348755E-04,2.437480E+00,-4.860956E-03
1.184861E+00,4.657196E-04,1.826726E+00,1.054294E-02
1.475570E+00,2.285496E-04,4.933987E+00,-7.270373E-03
9.525775E-01,-1.133141E-04,1.757143E-01,-2.188909E-02
1.814194E+00,-2.464558E-03,1.588300E+00,5.377951E-03
2.218596E+00,-3.285596E-03,5.302298E+00,-4.566416E-03
1.962189E+00,-3.265637E-03,3.230863E+00,4.786698E-03
3.268432E+00,-5.326010E-03,6.214810E+00,-2.317529E-03
4.893199E+00,-2.325269E-03,4.517274E+00,1.043326E-03
7.406435E-01,-3.798127E-03,3.129389E+00,3.048015E-02
1.891393E+00,-3.553180E-03,3.049274E+00,-5.210546E-03
3.286628E+00,-3.142623E-03,5.125862E+00,-2.081378E-03
2.559277E+00,-1.838173E-04,2.657807E+00,3.575928E-03
2.096489E+00,1.167428E-03,8.313143E-01,4.989281E-03
9.514973E-01,5.168742E-03,5.739455E+00,1.744725E-02
3.238069E+00,7.492145E-04,5.137746E+00,1.861406E-03
1.905318E+00,2.101776E-04,3.470359E-01,4.941062E-03
2.223187E+00,-2.014960E-03,5.390679E+00,-3.514203E-03
3.623387E+00,-1.032357E-03,5.519234E+00,-1.802120E-03
2.591068E+00,-6.038765E-03,2.261225E+00,3.105873E-03
2.694764E+00,-6.330612E-03,1.821839E+00,3.373026E-03
2.135092E+00,4.932936E-03,5.452404E+00,5.019325E-03
1.587041E+00,2.816450E-03,3.632906E+00,8.927156E-03
2.976936E+00,-4.847579E-03,4.999244E+00,2.366256E-03
1.271903E+00,-2.477375E-03,2.947619E+00,-1.084051E-02
1.651540E+00,-4.882900E-03,5.919241E+00,-9.276926E-03
3.400053E+00,-5.133834E-03,4.041404E+00,-2.135845E-03
2.545129E+00,-4.046894E-03,3.671505E+00,3.120201E-03
4.978032E+00,-2.709464E-03,1.014852E+00,9.292254E-04
1.628023E+00,1.791420E-03,2.037332E+00,6.669749E-03
1.699385E+00,6.519262E-03,6.251328E+00,5.576777E-03
1.431185E+00,1.189270E-03,1.540370E+00,1.166789E-02
5.755856E-01,-3.610996E-03,2.705404E-01,4.354446E-02
3.758717E+00,2.127361E-03,1.914717E+00,-1.678300E-03
2.240016E+00,-2.083903E-03,3.193703E+00,-4.637411E-03
1.329733E+00,-2.529075E-03,2.354009E+00,-9.212480E-03
3.717032E+00,1.174176E-03,8.682123E-01,-1.760833E-03
1.863020E+00,5.357226E-05,4.265897E+00,-5.246581E-03
1.949872E+00,-6.528533E-03,4.232921E+00,5.890246E-03
1.121946E+00,-6.256538E-03,1.378590E+00,-1.311296E-02
3.765873E+00,6.641300E-04,4.991402E+00,1.692051E-03
2.014087E+00,-3.766357E-03,3.210676E-02,4.972772E-03
7.410727E-01,5.439080E-03,5.858628E-01,-2.867517E-02
1.382021E+00,-3.149542E-03,2.391336E+00,1.108646E-02
2.228949E+00,-3.405002E-03,4.176460E+00,-3.897227E-03
4.388353E+00,-3.539177E-03,1.124752E+00,1.256099E-03
2.639740E+00,-1.026305E-03,1.185381E+00,3.261748E-03
1.646571E+00,-1.944908E-03,4.586486E+00,-6.345024E-03
1.361127E+00,3.397307E-03,5.516057E-02,-8.700814E-03
1.586679E+00,-1.247898E-03,3.932023E+00,7.647090E-03
2.383324E+00,-1.901462E-03,4.342984E+00,-4.060280E-03
1.248840E+00,1.809832E-03,4.461075E+00,1.033231E-02
1.879557E+00,-2.119634E-03,3.345202E+00,6.111878E-03
1.712826E+00,-2.866925E-03,3.741518E+00,7.845910E-03
4.947124E+00,-1.856120E-03,2.359778E+00,1.063886E-03
1.991645E+00,-3.289114E-04,5.516224E+00,4.965518E-03
4.535010E+00,-3.233623E-03,3.953802E+00,-1.181044E-03
1.571959E+00,-3.441083E-03,6.038931E+00,-1.034412E-02
1.093054E+00,5.325484E-03,3.312289E+00,-1.782170E-02
1.108687E+00,-1.871822E-03,3.764370E+00,1.166390E-02
3.082855E+00,-5.305975E-03,5.700247E+00,-2.677500E-03
2.040884E+00,5.111063E-04,2.758689E+00,-4.691009E-03
9.166560E-01,6.131450E-03,5.867381E+00,-2.170645E-02
2.241766E+00,2.043518E-03,2.110505E+00,-4.214588E-03
5.990123E+00,4.864361E-04,4.089884E+00,6.738388E-04
1.678360E+00,-2.598711E-03,6.090376E+00,8.186251E-03
3.874817E+00,-1.721113E-03,5.656932E+00,-1.390822E-03
4.099863E+00,-2.485826E-05,6.253331E+00,-1.262575E-03
1.336883E+00,-4.802471E-03,5.533370E+00,-1.033661E-02
1.818217E+00,6.095425E-03,1.582417E+00,8.221339E-03
7.935120E-01,1.402312E-04,1.967567E+00,-2.915279E-02
1.736691E+00,-2.690142E-03,1.827871E+00,7.660760E-03
2.090794E+00,-2.744362E-03,4.324554E+00,5.282472E-03
4.802063E+00,-2.705382E-03,5.425184E+00,1.055087E-03
3.050726E+00,-4.089785E-03,3.727461E+00,2.373265E-03
2.009910E+00,-1.516426E-03,8.357043E-01,-5.341799E-03
1.568088E+00,-2.205300E-03,5.747568E+00,6.528783E-03
2.267529E+00,5.080172E-03,5.968969E-02,-4.336999E-03
3.339968E+00,-2.134583E-03,9.638162E-01,-2.133341E-03
2.795239E+00,1.818364E-03,5.157137E-01,2.173102E-03
6.398775E-01,3.749126E-03,3.086351E+00,-3.627642E-02
1.871414E+00,2.134477E-03,2.109750E+00,-5.124053E-03
1.811609E+00,3.431233E-03,5.623172E+00,-6.075416E-03
3.860362E+00,-1.621208E-03,4.870846E+00,-1.421484E-03
1.304726E+00,-2.030950E-03,5.712238E+00,1.247118E-02
1.076261E+00,-4.818638E-03,2.599414E+00,-1.780097E-02
2.068117E+00,2.495470E-03,1.560208E+00,5.086836E-03
1.965323E+00,-3.527277E-03,4.745727E+00,-5.321206E-03
3.782964E+00,2.423578E-03,5.974007E-02,1.628559E-03
2.175725E+00,4.179471E-03,2.871998E+00,-4.950096E-03
1.605991E+00,-1.084337E-03,4.128343E+00,-6.867723E-03
1.131378E+00,6.442824E-03,9.657899E-01,1.648277E-02
2.798997E+00,6.199056E-03,2.387396E+00,2.914830E-03
1.246972E+00,-2.967033E-03,5.131325E+00,9.437994E-03
2.092694E+00,-6.494969E-03,1.870928E+00,-4.403233E-03
1.182529E+00,5.107376E-03,3.893164E+00,1.493781E-02
2.621426E+00,6.230665E-04,4.601804E+00,3.403850E-03
5.113042E+00,4.274601E-03,2.651400E+00,9.781454E-04
5.542688E+00,3.209111E-03,2.208441E+00,-8.381580E-04
8.498363E-01,2.852543E-03,9.251868E-01,-2.701637E-02
1.811997E+00,-4.874423E-04,4.161932E+00,-6.212588E-03
2.612150E+00,-3.382726E-03,7.488913E-01,3.034219E-03
2.548394E+00,-5.777652E-03,2.103715E+00,-3.957379E-03
3.010237E+00,-5.465758E-03,5.655134E+00,-2.115533E-03
2.456197E+00,-1.326798E-03,2.835982E+00,-3.847251E-03
2.426447E+00,2.366496E-03,9.928418E-01,3.393631E-03
1.833306E+00,-2.848511E-03,3.939107E-01,-6.343941E-03
8.400199E-01,-1.013061E-03,4.395045E-01,2.521764E-02
7.259213E-01,-2.758279E-03,4.625446E+00,3.001293E-02
3.533590E+00,3.131727E-03,1.951454E+00,-1.932035E-03
9.897307E-01,4.402680E-03,8.019776E-01,1.623784E-02
2.734029E+00,9.652952E-05,4.871736E+00,3.050978E-03
1.325258E+00,-3.744026E-03,2.398042E+00,-1.248138E-02
2.048216E+00,5.911127E-03,4.901221E+00,5.974045E-03
3.736529E+00,3.935421E-04,1.705053E+00,1.725248E-03
2.457133E+00,6.561143E-03,1.730501E+00,3.910558E-03
1.867055E+00,6.817618E-04,5.261407E+00,-5.840280E-03
3.551668E+00,-5.228571E-03,6.244416E+00,1.877860E-03
9.090546E-01,-5.067612E-03,3.451876E+00,-1.771989E-02
1.502436E+00,-6.210249E-03,5.791072E+00,9.979460E-03
1.257658E+00,3.458717E-03,3.368838E-01,-1.117408E-02
5.752134E+00,9.314562E-04,3.021090E+00,-7.975422E-04
1.631599E+00,-8.000843E-03,4.272423E+00,-7.959132E-03
1.532126E+00,-5.147804E-03,5.426446E+00,9.280286E-03
1.913061E+00,-4.297532E-04,4.461954E+00,4.861567E-03
1.663849E+00,3.493032E-03,5.312760E+00,8.674451E-03
1.685515E+00,3.411474E-03,2.846641E+00,7.828443E-03
2.684019E+00,-4.472589E-03,4.922056E+00,3.216780E-03
1.731955E+00,-3.459311E-03,1.593494E+00,-6.484079E-03
1.164364E+00,7.927801E-03,4.260470E+00,-1.591179E-02
2.542925E+00,-2.627968E-03,5.048543E+00,-2.741278E-03
5.762153E+00,-1.702805E-04,2.819874E+00,7.489719E-04
1.432309E+00,-4.286751E-03,5.150791E+00,-7.812818E-03
1.306967E+00,3.561344E-03,5.531665E+00,1.022798E-02
2.718155E+00,-5.359096E-03,1.015133E+00,-2.908421E-03
1.753408E+00,4.892239E-03,2.542694E+00,-6.277390E-03
1.116313E+00,-3.240677E-03,4.302333E+00,1.180082E-02
2.801824E+00,-4.101398E-04,7.590837E-01,-2.160754E-03
7.500059E-01,1.020049E-03,4.635908E-01,-3.413120E-02
1.938929E+00,-2.563169E-03,8.983253E-01,-5.067852E-03
2.279741E+00,-8.851173E-04,3.237254E+00,-4.009088E-03
3.377915E+00,-2.513358E-03,2.651115E-01,-2.018369E-03
2.112431E+00,-2.762633E-03,2.151173E+00,4.600346E-03
9.048069E-01,9.281778E-04,5.134888E-01,2.324371E-02
8.670059E-01,5.980558E-03,3.255412E+00,2.027057E-02
8.668756E-01,1.838859E-03,1.720391E+00,-2.373430E-02
8.924776E-01,-5.194633E-03,4.995742E+00,2.016609E-02
1.579548E+00,3.010760E-03,6.181560E+00,8.334756E-03
6.840328E-01,-6.150717E-03,4.757593E-01,-3.014185E-02
2.919819E+00,-2.855875E-03,4.755512E+00,-2.251810E-03
8.987050E-01,9.644082E-04,5.852804E+00,2.351677E-02
5.606472E+00,2.499854E-03,3.388385E+00,-8.500080E-04
1.723519E+00,3.340003E-03,5.865599E+00,-6.837503E-03
2.750669E+00,-1.191600E-03,4.446575E-01,2.921537E-03
2.486983E+00,-3.455624E-03,5.451147E+00,3.444775E-03
2.266064E+00,5.905114E-03,2.479294E+00,4.859508E-03
1.758167E+00,5.036720E-03,3.546833E+00,8.203840E-03
1.892270E+00,2.602360E-03,3.615676E+00,-6.211138E-03
2.177242E+00,-2.933005E-03,2.597281E+00,4.237423E-03
1.068124E+00,-3.276971E-03,4.280603E+00,1.430765E-02
1.041214E+00,-9.323277E-03,1.915762E+00,-1.453871E-02
5.544890E+00,-7.970646E-04,4.630209E+00,8.140426E-04
1.339946E+00,3.098726E-03,3.051170E-01,-1.035632E-02
1.896915E+00,-9.466388E-04,5.915763E+00,5.550827E-03
3.273620E+00,-3.021207E-03,2.329992E+00,-2.125188E-03
2.208143E+00,4.208625E-03,4.752149E+00,-4.108354E-03
2.800406E+00,-3.289351E-03,5.773567E+00,3.111384E-03
3.686830E+00,1.456367E-03,3.241010E+00,1.799556E-03
7.669506E-01,-5.739162E-03,1.944025E-02,-2.629730E-02
1.356899E+00,-2.965447E-03,2.319140E+00,-1.041057E-02
1.710371E+00,-5.590467E-03,3.577976E+00,6.748064E-03
8.297102E-01,-4.024328E-03,4.300699E+00,-2.792471E-02
3.337548E+00,-2.367740E-03,3.730847E+00,-2.107592E-03
1.008404E+00,5.582735E-03,5.747169E-01,1.647827E-02
1.455859E+00,-6.225951E-03,1.271622E+00,1.057570E-02
1.676985E+00,-2.899154E-03,9.255092E-01,7.631568E-03
2.094503E+00,-4.229967E-03,5.499460E+00,-3.739224E-03
2.124420E+00,-7.494666E-03,5.556594E+00,5.242434E-03
1.548548E+00,-3.411885E-03,5.077771E+00,8.316331E-03
2.690974E+00,-3.744718E-03,5.576948E+00,2.714064E-03
1.450130E+00,-7.221502E-03,2.317192E+00,9.068604E-03
2.885429E+00,-2.004441E-03,4.227383E+00,2.471622E-03
1.289389E+00,-3.307427E-03,2.268641E+00,1.036124E-02
6.339270E-01,5.544611E-03,4.721291E+00,3.450704E-02
1.515778E+00,7.830082E-03,5.104470E+00,8.478952E-03
1.855489E+00,2.996354E-03,4.684469E+00,6.440180E-03
1.817691E+00,3.778918E-03,4.336555E-01,7.279457E-03
9.355397E-01,-9.981853E-04,5.141320E+00,2.193973E-02
1.387008E+00,-4.112985E-03,2.381206E+00,1.142752E-02
1.060290E+00,1.607493E-03,4.097364E+00,-1.749294E-02
1.310466E+00,3.192562E-03,5.068015E+00,-1.085342E-02
1.291019E+00,-2.524725E-04,6.244289E+00,-1.015563E-02
2.046098E+00,-1.538611E-03,5.551923E-01,5.128328E-03
1.478479E+00,-4.772805E-04,3.490502E+00,-8.418967E-03
1.098303E+00,-3.651412E-03,4.011650E+00,1.218460E-02
1.492875E+00,-1.311301E-03,5.995533E+00,8.163470E-03
3.557511E+00,4.588199E-03,1.542433E+00,1.690879E-03
1.275650E+00,5.567326E-06,5.337661E+00,1.045263E-02
1.156487E+00,8.367128E-03,1.558081E+00,-1.238213E-02
6.960165E-01,5.711914E-04,5.182420E+00,-3.380786E-02
3.466586E+00,-1.334020E-03,4.452583E+00,-2.011411E-03
6.051640E+00,1.092363E-03,4.698695E+00,6.608878E-04
9.617338E-01,-6.538377E-03,3.561765E+00,2.046652E-02
1.155839E+00,3.226017E-03,3.695209E+00,1.282558E-02
1.256942E+00,-1.498735E-03,8.373175E-01,1.397498E-02
1.158240E+00,-9.290458E-04,3.027513E+00,1.171728E-02
2.670917E+00,1.132105E-03,6.093836E+00,-3.253125E-03
7.702440E-01,-9.731642E-03,2.176929E+00,2.660930E-02
1.896873E+00,-4.938090E-03,4.956312E+00,-6.054535E-03
3.305814E+00,4.026371E-03,5.576421E-01,2.211069E-03
1.331426E+00,3.447963E-03,4.416018E+00,-1.044535E-02
1.292407E+00,3.214499E-03,4.455345E+00,1.181032E-02
2.190658E+00,-6.091139E-03,4.216811E+00,4.675513E-03
2.099694E+00,-3.389121E-03,1.607218E+00,5.138426E-03
1.294743E+00,6.279696E-03,5.885400E+00,1.101118E-02
9.197189E-01,-7.761605E-03,5.109864E+00,2.103346E-02
1.257862E+00,-3.902857E-03,4.195190E+00,1.308809E-02
3.069318E+00,4.835038E-03,3.370358E+00,-2.553552E-03
2.889711E+00,-3.458805E-03,5.832972E+00,-2.860287E-03
5.997353E+00,1.796669E-03,3.771193E+00,6.831480E-04
1.891806E+00,-2.639577E-03,1.997132E+00,-5.956497E-03
8.044628E-01,-8.187339E-04,5.849652E+00,-2.784490E-02
1.114847E+00,1.030545E-02,2.693719E-01,1.452335E-02
2.623852E+00,3.566475E-03,9.669475E-02,-3.231687E-03
1.957647E+00,5.473539E-03,1.335071E+00,-5.942368E-03
1.045484E+00,7.815122E-03,5.915364E+00,1.634656E-02
1.474825E+00,-2.997719E-03,1.304682E+00,8.146499E-03
1.319495E+00,-8.380714E-03,5.921386E+00,1.123744E-02
1.677173E+00,-6.248148E-04,2.345579E+00,6.178141E-03
6.021685E+00,1.060672E-03,6.461779E-01,6.739585E-04
2.581947E+00,2.078602E-03,2.469773E+00,2.841921E-03
1.311796E+00,-3.386847E-03,3.581385E-01,1.337903E-02
1.233492E+00,-4.817678E-03,3.168654E+00,-1.529705E-02
8.307818E-01,4.951589E-03,1.596693E+00,-2.252493E-02
1.711494E+00,6.429977E-03,4.032180E+00,6.900390E-03
2.094213E+00,-8.378279E-03,2.840543E+00,4.359358E-03
3.928979E+00,-4.175154E-03,3.559269E+00,-1.607841E-03
1.029827E+00,1.587693E-03,6.067944E+00,1.905511E-02
1.863270E+00,7.511614E-03,7.801752E-01,-5.998703E-03
3.863126E+00,2.188276E-03,1.045892E+00,1.537669E-03
2.553107E+00,2.401687E-03,3.368514E+00,3.585710E-03
1.753576E+00,-1.912768E-03,5.443918E+00,-6.547645E-03
2.898839E+00,4.552983E-03,1.716616E-02,-3.000829E-03
2.022360E+00,-1.069237E-03,1.036707E+00,-5.311869E-03
1.529382E+00,-8.312791E-04,6.172992E+00,-6.519741E-03
1.796700E+00,-5.579325E-03,4.001368E+00,-7.851080E-03
3.691519E+00,-9.368518E-04,1.710034E+00,-1.713948E-03
1.409790E+00,-2.346847E-04,6.183584E+00,-1.141963E-02
1.034974E+00,3.128103E-03,1.947931E+00,1.933781E-02
2.165341E+00,3.406730E-03,4.753152E+00,4.455278E-03
1.611204E+00,2.459434E-03,4.863796E+00,7.415086E-03
1.764527E+00,-2.285191E-03,3.953794E+00,5.180103E-03
1.467075E+00,-3.692705E-03,1.661169E+00,1.159568E-02
1.621021E+00,1.000267E-03,4.270775E+00,-7.391222E-03
2.297712E+00,-1.761862E-03,1.211154E+00,4.422570E-03
1.229637E+00,9.331860E-03,4.812735E+00,-1.311091E-02
2.265866E+00,1.508029E-03,4.801585E+00,4.128526E-03
3.962641E+00,-2.914709E-04,5.200434E+00,1.409225E-03
5.170883E+00,3.969794E-03,4.899571E+00,-9.795561E-04
7.846988E-01,-8.421703E-03,3.528198E+00,2.706976E-02
1.953086E+00,2.980788E-03,2.950410E+00,-5.104010E-03
1.451693E+00,4.539481E-03,3.388656E+00,-7.719790E-03
2.265585E+00,5.547789E-03,6.237383E+00,4.942426E-03
7.525459E-01,-5.892138E-03,6.870372E-01,-2.545688E-02
1.641752E+00,2.721417E-03,2.149621E+00,5.772856E-03
2.567480E+00,2.542409E-03,6.012277E+00,-2.851009E-03
1.869992E+00,1.762575E-04,9.150320E-01,5.197804E-03
2.922403E+00,1.089527E-03,9.843589E-01,-2.564020E-03
3.680469E+00,-4.303205E-03,1.636490E+00,-1.891861E-03
1.178093E+00,7.417529E-03,5.305108E+00,1.297648E-02
2.719641E+00,5.598455E-03,2.495754E+00,-3.282454E-03
8.298665E-01,1.029768E-03,6.186473E+00,-2.027099E-02
1.775593E+00,3.561372E-03,3.934140E+00,-5.701687E-03
5.333171E-01,-1.324386E-03,3.123087E+00,4.854395E-02
1.421189E+00,2.452402E-03,3.617539E+00,1.107516E-02
1.529973E+00,3.923342E-03,2.513997E+00,8.768038E-03
2.078007E+00,2.170466E-03,3.110704E+00,5.054905E-03
8.828966E-01,3.845106E-03,3.446801E+00,-1.955541E-02
1.180112E+00,-4.709569E-03,1.868767E+00,-1.163763E-02
1.192089E+00,-7.672958E-03,3.491874E+00,1.079645E-02
8.490620E-01,-6.389378E-03,3.041869E-01,2.623549E-02
1.832245E+00,-6.105316E-03,4.725633E+00,5.575934E-03
2.379544E+00,6.750606E-03,4.094570E+00,-4.158458E-03
3.720528E+00,2.427262E-03,3.018235E+00,1.713493E-03
4.018870E+00,2.373089E-03,1.323701E+00,-1.333485E-03
1.225337E+00,-8.896406E-03,2.961030E+00,-1.209940E-02
1.941333E+00,-4.322490E-04,2.160640E+00,-5.284464E-03
3.487789E+00,2.873214E-03,4.008639E+00,2.027981E-03
2.365149E+00,-5.546669E-03,5.410930E+00,-4.055791E-03
5.821561E+00,-9.204298E-05,4.198585E+00,-7.249235E-04
1.746860E+00,6.267467E-04,4.989903E-01,6.193527E-03
2.102156E+00,6.996981E-03,6.155250E-01,4.648416E-03
1.344436E+00,-2.357312E-03,8.934753E-01,1.015649E-02
2.061693E+00,1.094921E-03,1.228961E+00,-5.186403E-03
1.829119E+00,-3.229621E-03,2.607138E+00,5.114402E-03
3.081975E+00,-3.688068E-03,3.291680E+00,-2.385600E-03
2.233421E+00,1.977822E-03,1.433898E+00,4.258227E-03
1.351270E+00,-9.200497E-04,3.832156E+00,9.064487E-03
1.831515E+00,-4.069141E-03,3.404647E+00,-6.135571E-03
1.229796E+00,6.102889E-03,1.908428E+00,-1.503448E-02
4.125972E+00,-5.969943E-05,5.309420E+00,-1.231354E-03
1.260096E+00,-1.936559E-03,4.230355E+00,-1.057471E-02
2.329251E+00,4.141416E-03,6.121822E+00,-4.241277E-03
9.791960E-01,-1.161691E-02,1.625972E+00,1.648934E-02
3.711217E+00,1.622867E-03,6.385031E-01,-1.762117E-03
1.766746E+00,-1.151074E-03,5.952213E+00,-5.311868E-03
5.738124E-01,4.890238E-03,3.107961E+00,4.992442E-02
3.654693E+00,2.372742E-03,1.079909E+00,1.809940E-03
4.458178E+00,-3.520823E-03,2.163055E+00,1.197311E-03
1.832290E+00,-5.118464E-03,4.920555E+00,-6.474415E-03
8.530381E-01,-1.157510E-02,4.254549E-01,2.123353E-02
8.517580E-01,9.497966E-04,2.249164E+00,2.518534E-02
1.914898E+00,-3.150679E-03,1.586357E+00,-6.268960E-03
3.784894E+00,2.593374E-03,4.489841E+00,1.614106E-03
2.071820E+00,2.857064E-03,4.189056E-01,-3.683282E-03
5.839452E+00,1.226349E-03,4.850572E+00,-7.596148E-04
1.398741E+00,1.610857E-03,9.155242E-01,-1.149477E-02
1.922538E+00,-3.211045E-03,2.174947E+00,6.209812E-03
1.114512E+00,3.878517E-03,4.845004E+00,-1.688462E-02
9.717907E-01,5.717678E-03,5.068243E+00,-1.585471E-02
1.550907E+00,9.404276E-03,5.426557E+00,-7.333434E-03
8.370534E-01,3.683274E-03,5.851389E+00,-2.131175E-02
1.278736E+00,3.521091E-03,4.561080E+00,1.013122E-02
7.557864E-01,6.104900E-03,4.750716E+00,2.800143E-02
2.450082E+00,-6.134215E-03,5.362089E+00,-3.567867E-03
1.019421E+00,-2.998485E-03,9.627966E-01,1.529481E-02
2.238240E+00,5.051986E-03,5.024697E+00,-4.479143E-03
2.311319E+00,3.481296E-03,5.037898E+00,-4.415704E-03
7.554247E-01,-3.041409E-04,3.759237E+00,2.922358E-02
2.226646E+00,-1.006057E-03,5.748940E+00,-4.242745E-03
3.652622E+00,-1.431223E-03,3.759218E+00,1.723425E-03
4.587490E+00,5.002989E-03,3.921561E+00,1.255115E-03
2.105928E+00,-4.721030E-03,3.033742E+00,-4.841978E-03
2.323355E+00,-2.914341E-03,2.953437E+00,4.166021E-03
1.993989E+00,-7.021180E-03,6.018359E+00,-4.075352E-03
3.497916E+00,-3.971688E-04,4.071436E+00,-2.034377E-03
1.925426E+00,-1.837301E-03,2.978473E+00,-5.262322E-03
2.016992E+00,5.427001E-03,5.661311E+00,-4.893779E-03
2.099290E+00,7.599362E-05,4.617467E+00,4.954578E-03
1.259429E+00,3.380569E-04,5.577003E+00,-1.017565E-02
4.695758E+00,-2.870562E-03,1.620303E+00,1.110003E-03
1.370538E+00,3.968513E-03,2.476736E+00,-1.033507E-02
1.151390E+00,7.425567E-03,4.677405E+00,1.161126E-02
1.754993E+00,-1.161679E-03,5.365923E+00,6.618678E-03
2.609941E+00,-6.186220E-03,5.178035E-01,-3.663314E-03
7.578049E-01,6.755098E-03,1.098712E-01,2.634131E-02
2.685807E+00,3.133398E-03,6.117511E+00,3.090884E-03
1.632760E+00,5.208227E-03,2.167604E+00,6.677149E-03
1.799199E+00,4.010229E-03,1.920925E+00,7.388173E-03
1.803236E+00,3.014709E-03,1.073517E+00,6.847123E-03
1.749963E+00,2.272529E-03,4.386281E+00,6.723151E-03
1.067386E+00,2.820024E-03,5.890865E+00,-1.651567E-02
1.808852E+00,-1.387679E-03,4.835451E+00,-4.928711E-03
1.669636E+00,3.902169E-03,2.802403E+00,6.608138E-03
2.011173E+00,-4.428659E-03,3.198820E+00,6.009972E-03
2.073071E+00,-1.703270E-04,2.602686E+00,-4.485053E-03
7.930514E-01,-6.964374E-03,4.473512E+00,-2.657349E-02
1.543149E+00,3.258042E-03,5.883038E-01,-8.721068E-03
2.969870E+00,7.188379E-03,6.324354E-01,-3.023783E-03
1.713365E+00,-5.680439E-03,1.784808E+00,6.067046E-03
7.148007E-01,-2.023511E-03,1.292434E+00,3.532411E-02
2.308588E+00,-3.538834E-03,5.370604E+00,-4.123659E-03
8.525035E-01,9.867430E-03,3.774627E+00,-2.446822E-02
3.084297E+00,4.612957E-03,2.289303E+00,2.560277E-03
2.893113E+00,7.416129E-03,1.806695E+00,-3.144616E-03
2.919360E+00,-5.245226E-03,5.721200E+00,2.400444E-03
2.010968E+00,2.970596E-03,1.319319E+00,-4.731726E-03
1.607696E+00,-2.811807E-03,4.380538E+00,9.417997E-03
2.433233E+00,-6.674306E-04,5.718375E+00,3.387280E-03
1.968020E+00,1.574106E-03,1.363484E+00,-5.125550E-03
9.491392E-01,2.180048E-03,9.237890E-01,-2.065341E-02
6.195710E-01,3.682639E-03,4.774789E+00,-3.913447E-02
1.229601E+00,8.349022E-03,1.531598E+00,1.143874E-02
4.309029E+00,-3.134224E-03,3.638613E+00,-1.394015E-03
1.272253E+00,3.049541E-03,4.119981E+00,1.033769E-02
1.943359E+00,4.259665E-03,1.160160E+00,-4.259010E-03
5.239883E-01,1.520081E-03,3.764360E+00,5.372764E-02
2.487634E+00,-5.289738E-04,3.908230E-02,-3.800111E-03
1.212673E+00,-4.336845E-03,5.398378E+00,1.219638E-02
2.591254E+00,2.930087E-03,5.687761E+00,-3.412484E-03
9.370545E-01,-5.272251E-03,2.206883E+00,-1.765209E-02
2.426959E+00,2.287230E-03,6.142199E+00,-2.684014E-03
1.205946E+00,9.805983E-03,8.967878E-01,-1.337966E-02
1.815954E+00,-3.612371E-03,1.391211E+00,-5.760419E-03
1.364501E+00,-3.373030E-03,3.895768E+00,1.021886E-02
2.286142E+00,2.320923E-04,4.075855E+00,3.397638E-03
1.681974E+00,-2.670204E-04,4.341625E+00,-6.151854E-03
8.805962E-01,1.805507E-03,1.850488E+00,-2.367715E-02
1.105938E+00,4.007725E-03,3.366282E+00,1.271183E-02
2.559549E+00,2.637276E-03,5.578713E+00,-3.545634E-03
1.241344E+00,-4.984072E-04,2.500672E+00,-1.494032E-02
1.795757E+00,-3.501651E-03,3.269399E+00,-6.521888E-03
1.320541E+00,1.289441E-03,3.508063E+00,-9.016260E-03
2.543632E+00,3.731581E-03,6.281248E+00,3.477131E-03
1.655127E+00,-2.833005E-03,5.117112E-02,-7.300781E-03
8.563305E-01,-4.574806E-03,2.798916E+00,-2.036010E-02
1.561742E+00,-3.028841E-03,3.695864E+00,-8.235272E-03
1.047103E+00,6.593079E-03,2.616348E+00,-1.485562E-02
2.612103E+00,-6.824880E-03,5.555301E+00,-3.482628E-03
2.066386E+00,3.849966E-03,8.898760E-01,-4.929038E-03
8.472835E-01,6.410059E-03,1.726815E-01,-2.235339E-02
3.383358E+00,-5.456440E-03,1.170767E+00,2.088311E-03
3.352818E+00,-3.450873E-03,5.394756E+00,1.907340E-03
1.035915E+00,-4.572594E-03,2.126569E+00,-1.494608E-02
8.614249E-01,2.860592E-03,4.236890E+00,-2.641345E-02
1.084509E+00,-7.222319E-03,2.715647E+00,1.371448E-02
3.794974E+00,4.172175E-04,5.597120E+00,-1.648445E-03
1.686407E+00,3.064542E-03,2.416019E+00,5.936853E-03
3.759417E+00,-4.594289E-03,3.016635E-01,-1.731150E-03
1.319194E+00,3.200434E-03,4.013835E+00,1.069779E-02
1.201985E+00,4.001110E-03,4.553815E-01,1.160453E-02
3.438354E+00,3.364728E-03,1.289043E+00,2.061950E-03
1.599715E+00,7.742642E-03,5.892937E-01,-6.088678E-03
9.514023E-01,-2.517090E-03,4.053316E-01,1.666887E-02
2.513787E+00,4.614516E-03,3.723366E+00,3.434553E-03
1.298809E+00,-3.791910E-04,4.782099E+00,9.406889E-03
2.642987E+00,2.348329E-03,3.002643E+00,3.294174E-03
5.539923E+00,-2.276188E-04,6.192809E+00,8.572408E-04
5.879855E+00,1.755516E-04,3.284703E+00,7.115786E-04
1.642088E+00,2.037291E-03,3.872229E-01,7.129888E-03
1.863155E+00,-6.254883E-03,7.184052E-01,-6.557513E-03
8.458077E-01,5.752494E-03,2.388715E-01,2.143977E-02
3.798303E+00,3.416978E-03,5.191893E+00,-1.515877E-03
2.995313E+00,-3.528034E-03,4.922851E+00,2.602792E-03
1.110244E+00,-4.744587E-03,1.738531E+00,-1.334033E-02
5.306791E-01,-2.497842E-03,3.114473E+00,5.439319E-02
1.580810E+00,-2.483511E-03,3.343460E+00,-7.551972E-03
2.194921E+00,3.977813E-03,3.872807E+00,-4.215971E-03
1.015137E+00,4.660323E-03,1.759794E+00,-1.903616E-02
5.720017E+00,-8.681887E-04,3.359374E+00,-7.175267E-04
2.962886E+00,-6.574885E-03,4.331874E+00,2.614183E-03
3.311147E+00,-1.801898E-03,2.833696E+00,2.222069E-03
3.017442E+00,2.537041E-03,5.864874E+00,-2.264570E-03
6.786815E-01,9.742765E-03,6.030163E+00,-3.293792E-02
3.279467E+00,-3.430707E-03,3.889669E+00,-2.043703E-03
2.532791E+00,-1.695437E-03,4.749675E+00,-3.541935E-03
3.602814E+00,5.835834E-04,5.054014E+00,-1.917238E-03
2.591211E+00,5.735738E-04,1.929045E+00,-3.499811E-03
5.731768E+00,1.891258E-03,2.018961E+00,8.070849E-04
3.361846E+00,-5.061421E-03,3.355979E+00,-2.214751E-03
1.006094E+00,-5.928908E-03,4.597362E+00,-1.545446E-02