날짜,지점,평균기온(℃),최저기온(℃),최고기온(℃)
2016-05-02,112,20.4,17.1,27
2016-05-03,112,13.1,9.8,17.3
2016-05-04,112,15.3,11.3,18.4
2016-05-05,112,18,10.6,25.3
2016-05-06,112,14.8,12.2,18.7
2016-05-07,112,15.2,10.7,19.1
2016-05-08,112,18.3,12.7,24.3
2016-05-09,112,18.3,15.3,22.2
2016-05-10,112,14.1,12.7,16.9
2016-05-11,112,15.3,11.5,20.1
2016-05-12,112,15.9,12.2,20.3
2016-05-13,112,17.3,12.1,23.1
2016-05-14,112,19.1,15.5,25
2016-05-15,112,16.5,12.2,23
2016-05-16,112,14.7,11.6,18.1
2016-05-17,112,17.6,11.7,23.8
2016-05-18,112,20.9,14.8,27.1
2016-05-19,112,23.5,16.6,29.3
2016-05-20,112,22.2,17.5,27.5
2016-05-21,112,24.1,19,28.9
2016-05-22,112,23.3,19.4,28.5
2016-05-23,112,20.9,17.5,25.9
2016-05-24,112,15.7,14.5,19.4
2016-05-25,112,18.4,15.5,21.9
2016-05-26,112,18,16.2,20.2
2016-05-27,112,19.5,15.5,24.4
2016-05-28,112,19.2,15.5,23.8
2016-05-29,112,19.6,16.4,24.5
2016-05-30,112,20.5,17.4,24.6
2016-05-31,112,19.4,16.7,23.1
2016-06-01,112,22.4,16.8,27.5
2016-06-02,112,21.8,18.3,25.5
2016-06-03,112,20.4,16.5,24.5
2016-06-04,112,20.3,18.4,23.5
2016-06-05,112,23.1,17.1,28.7
2016-06-06,112,22,20.3,25.5
2016-06-07,112,20.9,18,24.8
2016-06-08,112,19.5,16.9,22.8
2016-06-09,112,21.6,17.5,26.7
2016-06-10,112,21.9,18.2,26.3
2016-06-11,112,22.3,20.3,25.7
2016-06-12,112,21.6,18.2,25.2
2016-06-13,112,20.7,17.7,25.6
2016-06-14,112,21.5,18.6,25.2
2016-06-15,112,19.7,17.3,23
2016-06-16,112,19.9,17.8,22.6
2016-06-17,112,22.2,18.2,26
2016-06-18,112,21.8,19.3,24.6
2016-06-19,112,22.8,20,26.7
2016-06-20,112,23.1,19.5,26.7
2016-06-21,112,23.9,21.3,27.1
2016-06-22,112,23.9,21.8,27.2
2016-06-23,112,23.4,20.4,28.1
2016-06-24,112,22.5,20.5,25.5
2016-06-25,112,22.4,19.2,25.3
2016-06-26,112,23.2,19.5,27.3
2016-06-27,112,23.4,20.6,27.8
2016-06-28,112,22.8,20.1,26.6
2016-06-29,112,23.8,21.1,28.1
2016-06-30,112,23,21.5,25.1
2016-07-01,112,23.5,22,26.2
2016-07-02,112,22.6,20.5,25.5
2016-07-03,112,22.4,20.2,25.3
2016-07-04,112,22.2,21.1,24.1
2016-07-05,112,22.6,20.6,24
2016-07-06,112,21.4,19.4,24.4
2016-07-07,112,23.1,19.8,26.6
2016-07-08,112,25.7,21.3,30.4
2016-07-09,112,26.2,23.4,30.6
2016-07-10,112,25.7,22.2,29.8
2016-07-11,112,26.5,23.2,31.4
2016-07-12,112,25,21.3,28.3
2016-07-13,112,24.7,22.8,27.2
2016-07-14,112,25.9,23,29.4
2016-07-15,112,25.7,23.6,28.3
2016-07-16,112,21,20.1,23.6
2016-07-17,112,21.1,20.1,22.5
2016-07-18,112,23.1,20.6,26.6
2016-07-19,112,26.2,21.8,30.3
2016-07-20,112,28.1,24.6,31.6
2016-07-21,112,28,25,31.5
2016-07-22,112,28.5,25.9,32.3
2016-07-23,112,27.7,25.8,30.2
2016-07-24,112,27,26.4,28.9
2016-07-25,112,27,25.4,29.8
2016-07-26,112,27,25.3,29.2
2016-07-27,112,26.7,25.9,28.1
2016-07-28,112,26.2,24.5,28.2
2016-07-29,112,25.6,23.4,27.8
2016-07-30,112,27,24.6,30.3
2016-07-31,112,27.7,26.1,30.6
2016-08-01,112,26.9,24.9,29.4
2016-08-02,112,26.9,25.1,29.9
2016-08-03,112,28.2,25.2,32.2
2016-08-04,112,29,25.9,33.2
2016-08-05,112,29.4,26.6,33.3
2016-08-06,112,29.2,26.3,33.4
2016-08-07,112,28.7,25.8,32.7
2016-08-08,112,28.9,26.1,32.7
2016-08-09,112,29.2,25.4,33.3
2016-08-10,112,28.1,25.6,31
2016-08-11,112,29,26.1,33.6
2016-08-12,112,29,26.5,32.4
2016-08-13,112,28.9,26.7,31.8
2016-08-14,112,28.4,26.8,30.3
2016-08-15,112,28,25.9,31.5
2016-08-16,112,28.4,25.5,31.7
2016-08-17,112,28.9,25.8,32.4
2016-08-18,112,28.9,26,32.8
2016-08-19,112,29.2,26.9,31.9
2016-08-20,112,29.4,27.4,34
2016-08-21,112,29.8,27.2,34
2016-08-22,112,29,25.4,33.6
2016-08-23,112,28.9,26.7,32
2016-08-24,112,28.2,26.2,31.8
2016-08-25,112,27,23.5,31.1
2016-08-26,112,23.2,20.1,27
2016-08-27,112,23.8,18.9,28.2
2016-08-28,112,22.2,19.6,26
2016-08-29,112,22.8,18.4,26.8
2016-08-30,112,21.4,19.6,24.4
2016-08-31,112,19,16.9,20.8
2016-09-01,112,23.7,17.7,27.6
2016-09-02,112,24.1,20.6,28.9
2016-09-03,112,24.3,21.9,28.4
2016-09-04,112,24.8,22.3,28.1
2016-09-05,112,25.3,22.4,29.1
2016-09-06,112,24,21.7,26.9
2016-09-07,112,23.6,21.5,26.7
2016-09-08,112,23.4,21.9,26
2016-09-09,112,23.8,21.3,27.4
2016-09-10,112,24,21,28
2016-09-11,112,23.7,21.6,26.6
2016-09-12,112,23.8,21.4,27.7
2016-09-13,112,24,19.6,28.3
2016-09-14,112,24.5,22.1,27.9
2016-09-15,112,23.6,21,26.7
2016-09-16,112,23.9,21.5,27.2
2016-09-17,112,23.2,18.9,27.2
2016-09-18,112,23.4,19.6,27.2
2016-09-19,112,22,18.2,26.7
2016-09-20,112,20.9,15.4,25.8
2016-09-21,112,20.8,16.1,25.1
2016-09-22,112,22.1,18.6,26.2
2016-09-23,112,21.6,17.5,25.8
2016-09-24,112,22,18.5,26.2
2016-09-25,112,22.4,19.6,26.7
2016-09-26,112,23.9,20.7,28.5
2016-09-27,112,21,19.1,24
2016-09-28,112,19.7,18.4,21.6
2016-09-29,112,20.3,17.3,24.9
2016-09-30,112,20.6,17.9,23.1
2016-10-01,112,21.1,18.8,23.8
2016-10-02,112,19.4,16.9,22.3
2016-10-03,112,22,18.8,25.9
2016-10-04,112,22.4,16.8,27.7
2016-10-05,112,21,18,25.4
2016-10-06,112,17.5,13.9,21.1
2016-10-07,112,19.4,16.5,24.6
2016-10-08,112,16.7,10.6,20.5
2016-10-09,112,11.5,7.8,15.2
2016-10-10,112,13.7,9,18.2
2016-10-11,112,16.2,11.9,20
2016-10-12,112,14.9,11.6,18.5
2016-10-13,112,15,10.6,19.8
2016-10-14,112,17,13.4,21.5
2016-10-15,112,19.2,14.5,24.8
2016-10-16,112,17.7,16.2,19.5
2016-10-17,112,17.6,15.6,20.9
2016-10-18,112,16.4,12.4,21.5
2016-10-19,112,17.7,15.1,22
2016-10-20,112,18.8,14.4,24.2
2016-10-21,112,18.2,16.9,21.3
2016-10-22,112,17.9,15.5,20.6
2016-10-23,112,14,11.2,17.6
2016-10-24,112,15.6,10.3,20.1
2016-10-25,112,14.8,12.9,18
2016-10-26,112,14.1,11.3,16.7
2016-10-27,112,15,9.5,19.6
2016-10-28,112,14.8,10.2,17.5
2016-10-29,112,7.7,4.9,10.4
2016-10-30,112,8.7,4,13.4
2016-10-31,112,6.7,2.1,9.5
2016-11-01,112,2.1,-1.3,5.5
2016-11-02,112,5.1,-0.5,9.8
2016-11-03,112,10.5,5.7,13.5
2016-11-04,112,13,9.7,16.6
2016-11-05,112,15.2,12.5,17.9
2016-11-06,112,15.1,13.2,18.2
2016-11-07,112,12.9,8.8,16.6
2016-11-08,112,4.1,1,8.8
2016-11-09,112,2,-2.4,6.1
2016-11-10,112,6.4,1.8,9.9
2016-11-11,112,10.3,7.6,13.3
2016-11-12,112,12.5,8.5,15.7
2016-11-13,112,15.4,12.4,18.8
2016-11-14,112,13.7,10.1,15.7
2016-11-15,112,5.7,3,10.1
2016-11-16,112,5.8,1.5,10.1
2016-11-17,112,9.5,5.8,13.5
2016-11-18,112,11.7,7,15.2
2016-11-19,112,12.7,10.6,15.6
2016-11-20,112,9.1,6.4,13.1
2016-11-21,112,9.5,5.7,15.3
2016-11-22,112,1.9,-1.6,8.1
2016-11-23,112,-1.6,-4.6,2.6
2016-11-24,112,-1.2,-4.2,1.9
2016-11-25,112,2.5,-1.8,5.5
2016-11-26,112,2.2,1.2,3.6
2016-11-27,112,4.8,2.2,7.9
2016-11-28,112,2.3,0.4,5
2016-11-29,112,2.9,-0.4,6.3
2016-11-30,112,6.8,2.6,9.4
2016-12-01,112,5.1,0.2,8.8
2016-12-02,112,3,-1.1,7.5
2016-12-03,112,5.5,1.8,10.4
2016-12-04,112,6.9,4.2,9
2016-12-05,112,6.8,1.3,10.3
2016-12-06,112,-0.3,-2.7,2.9
2016-12-07,112,3.4,-0.2,7.4
2016-12-08,112,4,-0.9,7
2016-12-09,112,2.2,-2.3,5.8
2016-12-10,112,-1,-4,2.1
2016-12-11,112,-0.1,-3.9,4.2
2016-12-12,112,3,-1.8,6
2016-12-13,112,3.5,-0.2,6.8
2016-12-14,112,-1.2,-3,0.5
2016-12-15,112,-4.1,-6.2,-1.9
2016-12-16,112,-3.3,-7.7,-0.4
2016-12-17,112,5.3,-0.4,9.8
2016-12-18,112,6.7,5.3,8.4
2016-12-19,112,8.3,6,12.1
2016-12-20,112,7.3,5.3,9.9
2016-12-21,112,9.2,5.4,13
2016-12-22,112,5.8,2.2,13
2016-12-23,112,-1.7,-3,2.2
2016-12-24,112,-2,-3.9,0.3
2016-12-25,112,1,-3.3,4.7
2016-12-26,112,2.5,1.1,3.7
2016-12-27,112,-1.8,-5.7,1.4
2016-12-28,112,-3.5,-7.4,0.8
2016-12-29,112,-3.5,-5.8,-1.5
2016-12-30,112,-2.1,-7.1,2.5
2016-12-31,112,2.8,-0.6,6.9
2017-01-01,112,5.1,1.3,8.5
2017-01-02,112,5.7,2.4,8.7
2017-01-03,112,3.4,-0.3,7.3
2017-01-04,112,4.3,2.2,7.6
2017-01-05,112,4.8,0.9,7.7
2017-01-06,112,6.5,4.5,10.8
2017-01-07,112,5,1.7,7.9
2017-01-08,112,6.3,4.1,8.8
2017-01-09,112,1.9,-2.1,4.4
2017-01-10,112,-2.4,-5.6,0.6
2017-01-11,112,-1.9,-6.7,2.3
2017-01-12,112,-0.7,-4.4,3.1
2017-01-13,112,-4.9,-6.5,-1.8
2017-01-14,112,-7.1,-8.7,-5.1
2017-01-15,112,-5.3,-8.7,-1.5
2017-01-16,112,-2.9,-6.4,1.8
2017-01-17,112,-0.7,-5.1,2.7
2017-01-18,112,0.9,-1.3,3.8
2017-01-19,112,-0.9,-3.8,3.5
2017-01-20,112,-3.7,-5.9,0
2017-01-21,112,-3.4,-7.5,0.2
2017-01-22,112,-7.2,-8.7,-2.2
2017-01-23,112,-7.9,-11.1,-4.9
2017-01-24,112,-5.9,-9.1,-2.7
2017-01-25,112,-3.8,-8.8,0.6
2017-01-26,112,0,-5.3,5.2
2017-01-27,112,-2.4,-4.9,5.3
2017-01-28,112,-1.6,-6.7,3.2
2017-01-29,112,0.7,-0.5,1.9
2017-01-30,112,-5,-7.1,-0.5
2017-01-31,112,-4.9,-8.6,-1.5
2017-02-01,112,-2.9,-5.8,-0.8
2017-02-02,112,-1.2,-7.4,3
2017-02-03,112,2.5,-0.2,6
2017-02-04,112,2,-0.5,3.7
2017-02-05,112,1.4,0,3.3
2017-02-06,112,-1.3,-3.1,1.4
2017-02-07,112,-1.9,-4,0.7
2017-02-08,112,-1.7,-4,0.3
2017-02-09,112,-4.5,-5.4,-2.3
2017-02-10,112,-5.6,-7.7,-3.1
2017-02-11,112,-3.7,-6.9,0.2
2017-02-12,112,-0.8,-5,3.2
2017-02-13,112,1.2,-3.3,5
2017-02-14,112,0.8,-1.7,4.8
2017-02-15,112,2.1,-2.2,6.2
2017-02-16,112,6.2,1.3,10.2
2017-02-17,112,0.3,-4.2,7
2017-02-18,112,-1.6,-5.4,1.8
2017-02-19,112,3,-1.7,6.6
2017-02-20,112,-1.7,-4.5,5.9
2017-02-21,112,-1.3,-6.2,3.3
2017-02-22,112,1.3,-0.8,3.6
2017-02-23,112,-1.1,-3.3,0.8
2017-02-24,112,-0.1,-3.6,3.4
2017-02-25,112,2.9,-1.4,6.6
2017-02-26,112,3.2,0.1,7.8
2017-02-27,112,3.7,-0.1,9.3
2017-02-28,112,5.2,0.3,10.5
2017-03-01,112,5.3,2.2,10.8
2017-03-02,112,1.5,-0.4,5
2017-03-03,112,3.5,-1,8.4
2017-03-04,112,5.3,1.4,10
2017-03-05,112,4.5,1.9,9
2017-03-06,112,0.4,-1.8,3
2017-03-07,112,-1.2,-3,1.4
2017-03-08,112,0.9,-3.5,5.5
2017-03-09,112,3.9,-1,8.1
2017-03-10,112,5,1.6,9.8
2017-03-11,112,6.7,1.8,12.4
2017-03-12,112,7.4,5.2,11.4
2017-03-13,112,5.7,2.1,10
2017-03-14,112,5.6,2.2,9.3
2017-03-15,112,5.3,1.5,10.2
2017-03-16,112,5.3,0.9,10.8
2017-03-17,112,6.7,2.3,12.4
2017-03-18,112,7.9,5.2,14.1
2017-03-19,112,9.5,3.8,15.6
2017-03-20,112,9.1,6,13.2
2017-03-21,112,7,3.7,12.5
2017-03-22,112,6.9,2.7,11.3
2017-03-23,112,8.2,5.1,13
2017-03-24,112,8.2,5,12.3
2017-03-25,112,6.4,4.7,10.5
2017-03-26,112,6.2,4.5,9.5
2017-03-27,112,6.5,4.7,9.6
2017-03-28,112,6.8,4.2,10.5
2017-03-29,112,7.5,3.9,12.1
2017-03-30,112,9.2,5.1,14.4
2017-03-31,112,9.2,7.1,12.2
2017-04-01,112,7.9,4.5,12.9
2017-04-02,112,8.6,4.9,13
2017-04-03,112,9.6,5.9,14.1
2017-04-04,112,12.4,7.5,17.6
2017-04-05,112,11.7,10.3,13.9
2017-04-06,112,8.6,8.2,10.4
2017-04-07,112,11.6,8.1,16.5
2017-04-08,112,9.5,6.4,13.5
2017-04-09,112,14.1,9,19
2017-04-10,112,15.1,11,20.6
2017-04-11,112,13.2,10.4,17.6
2017-04-12,112,10.7,8.5,14
2017-04-13,112,11.4,7.1,16.5
2017-04-14,112,12,10.3,15.7
2017-04-15,112,14.3,10.2,19
2017-04-16,112,15,10.2,20.3
2017-04-17,112,14,12,16.3
2017-04-18,112,11.4,9.9,16.4
2017-04-19,112,12,9,15.4
2017-04-20,112,12.1,9.3,16.6
2017-04-21,112,11.4,8.1,16.5
2017-04-22,112,13.2,8.6,18.9
2017-04-23,112,13.4,9.3,18.6
2017-04-24,112,14.1,10.2,18.5
2017-04-25,112,14,12.1,17.1
2017-04-26,112,14,10.7,18.7
2017-04-27,112,12.8,9.3,17.7
2017-04-28,112,12.7,9.7,16.9
2017-04-29,112,15.1,10,19.3
2017-04-30,112,16.8,12.9,22.5
2017-05-01,112,16.8,11.3,24.1
2017-05-02,112,17.5,12,23.2
2017-05-03,112,19.2,13.7,26.8
2017-05-04,112,19.4,14.5,24.9
2017-05-05,112,18.5,14.8,24.6
2017-05-06,112,13.6,10.8,16.4
2017-05-07,112,14.8,11.1,19.4
2017-05-08,112,16.4,12.3,20.3
2017-05-09,112,16,14.2,20.5
2017-05-10,112,15.1,13.2,18.5
2017-05-11,112,17.7,13.1,22.2
2017-05-12,112,17.3,15.2,18.8
2017-05-13,112,15.4,12.3,21.3
2017-05-14,112,14.9,11.9,18.2
2017-05-15,112,14.8,12.7,19.2
2017-05-16,112,15.2,12.7,19
2017-05-17,112,16.9,12.8,22.5
2017-05-18,112,18.3,14.1,23.5
2017-05-19,112,18.9,15.3,23.6
2017-05-20,112,18.8,15,22.9
2017-05-21,112,19.5,15.4,23.9
2017-05-22,112,19.8,15.5,24.9
2017-05-23,112,18.5,16.5,22.4
2017-05-24,112,19.4,16.2,24.5
2017-05-25,112,18.1,14.7,23.2
2017-05-26,112,16.8,12.6,20.9
2017-05-27,112,17.6,14.2,22.7
2017-05-28,112,19.7,14.8,24.2
2017-05-29,112,20,17.4,23.9
2017-05-30,112,20.8,17.3,25.7
2017-05-31,112,20.3,15.6,24.9
2017-06-01,112,21.6,19.5,25.1
2017-06-02,112,19.6,16.1,23.5
2017-06-03,112,19.2,15.9,22.9
2017-06-04,112,20.5,16.2,24.3
2017-06-05,112,22.6,17.1,27.6
2017-06-06,112,19.2,14.9,23.4
2017-06-07,112,17.6,15.4,19.2
2017-06-08,112,18.5,16,20.8
2017-06-09,112,19.1,17.3,21.8
2017-06-10,112,20.1,15.2,25.2
2017-06-11,112,21.9,15.7,27.5
2017-06-12,112,21.3,18.2,25.6
2017-06-13,112,19.8,18.2,23.4
2017-06-14,112,19.5,17.5,22.6
2017-06-15,112,20.4,17.3,23.6
2017-06-16,112,22.6,19.9,26.9
2017-06-17,112,22.1,19.6,25.7
2017-06-18,112,21.9,18.7,26.4
2017-06-19,112,22.3,18.7,27.4
2017-06-20,112,23.9,19.7,28.6
2017-06-21,112,22.9,20.7,26.5
2017-06-22,112,23.2,20.3,27.7
2017-06-23,112,24,20,29.4
2017-06-24,112,22.4,20.6,24.2
2017-06-25,112,24,20.4,28.7
2017-06-26,112,23.3,21.2,28.9
2017-06-27,112,23.8,21,27.8
2017-06-28,112,24.4,21.5,28
2017-06-29,112,24.2,21.1,28.8
2017-06-30,112,24.2,21.5,28.4
2017-07-01,112,24.1,21.8,28.4
2017-07-02,112,23.6,21.6,24.9
2017-07-03,112,23.2,21.9,24.8
2017-07-04,112,24.8,23,28.4
2017-07-05,112,26,22.5,30
2017-07-06,112,26.6,23.1,30.7
2017-07-07,112,25.9,24.1,28
2017-07-08,112,25.3,24.2,26.1
2017-07-09,112,26,23.9,29.3
2017-07-10,112,23.7,22.1,24.9
2017-07-11,112,24.9,22.1,28.8
2017-07-12,112,25.2,24,28.3
2017-07-13,112,26,23.4,30
2017-07-14,112,27.2,25.5,30.7
2017-07-15,112,23.9,22.6,26.2
2017-07-16,112,25.3,23,27.2
2017-07-17,112,25.6,23.6,27.7
2017-07-18,112,25.7,23.6,29.1
2017-07-19,112,26.6,24.2,29.8
2017-07-20,112,27.8,24.1,32
2017-07-21,112,27.8,26.3,30.5
2017-07-22,112,27.6,26.2,30.2
2017-07-23,112,26,25,26.8
2017-07-24,112,25.2,24.5,26.7
2017-07-25,112,28.2,24.1,32.5
2017-07-26,112,28,24.7,31.6
2017-07-27,112,26.5,24,29
2017-07-28,112,25.4,23.9,27
2017-07-29,112,27.1,25.3,30.1
2017-07-30,112,26.9,24.5,30.3
2017-07-31,112,25.1,24.4,26.1
2017-08-01,112,27.2,23.8,31
2017-08-02,112,29.4,26,32.7
2017-08-03,112,29.8,27,33
2017-08-04,112,29.5,26.3,32.8
2017-08-05,112,30.9,27.6,34
2017-08-06,112,29.1,27.1,31.5
2017-08-07,112,27.7,25.7,30.7
2017-08-08,112,26.9,25.2,29.4
2017-08-09,112,27.5,25.2,30.9
2017-08-10,112,25.5,24.2,26.7
2017-08-11,112,25.9,24.2,30.1
2017-08-12,112,27.4,24.1,30.6
2017-08-13,112,26.1,24.7,27.6
2017-08-14,112,24.5,23.2,25.9
2017-08-15,112,22,21.2,24.1
2017-08-16,112,23.3,21,25.4
2017-08-17,112,24.3,22.3,28.2
2017-08-18,112,25.4,23.3,28.2
2017-08-19,112,26.1,23.9,28.2
2017-08-20,112,23.5,22.3,25
2017-08-21,112,25.2,23.4,27.3
2017-08-22,112,26.2,23.2,29.7
2017-08-23,112,26.4,24.7,28.4
2017-08-24,112,25.8,23.5,27.2
2017-08-25,112,24.7,21.8,28.3
2017-08-26,112,24.1,20.2,27.8
2017-08-27,112,22.7,20.5,25.5
2017-08-28,112,21,17.4,26
2017-08-29,112,18.9,17.1,22.2
2017-08-30,112,19.5,16.5,23
2017-08-31,112,21.9,18.8,25.5
2017-09-01,112,22.5,18.2,26.3
2017-09-02,112,22.9,19,26.9
2017-09-03,112,23.5,20.2,27
2017-09-04,112,24.3,20.9,27.9
2017-09-05,112,22.5,21.4,23.7
2017-09-06,112,20.8,18.7,23.1
2017-09-07,112,22.2,18.4,25.8
2017-09-08,112,23.6,21.2,27.4
2017-09-09,112,23.4,20.7,27.1
2017-09-10,112,22.9,21,24.9
2017-09-11,112,21.4,18.2,23.9
2017-09-12,112,22.5,20,26
2017-09-13,112,21.3,18,24.9
2017-09-14,112,22.1,16.8,26.3
2017-09-15,112,23,19.4,26.6
2017-09-16,112,22.2,17.2,26.3
2017-09-17,112,22.2,18.6,26.8
2017-09-18,112,21.5,17.8,25.2
2017-09-19,112,22.3,19.7,24.4
2017-09-20,112,20.1,17,23.7
2017-09-21,112,20.6,16.1,25.5
2017-09-22,112,20.7,16.9,26.1
2017-09-23,112,21.8,18.8,26.4
2017-09-24,112,22.3,20,26.1
2017-09-25,112,22.6,18.2,27.1
2017-09-26,112,24.1,20.3,28.7
2017-09-27,112,21.4,19,24.4
2017-09-28,112,18.6,15.6,22.3
2017-09-29,112,17.5,12.9,20.9
2017-09-30,112,19.8,15.9,23.2
2017-10-01,112,17.8,15.4,20.5
2017-10-02,112,20.2,15.6,26
2017-10-03,112,16.2,13,20.6
2017-10-04,112,15.4,10.8,20.5
2017-10-05,112,18.3,13.9,22.3
2017-10-06,112,19,16.7,23.2
2017-10-07,112,19.9,16.7,24.4
2017-10-08,112,21.2,18.9,24.6
2017-10-09,112,20.8,19.1,24
2017-10-10,112,20.8,19,22.7
2017-10-11,112,14.8,12.1,20.6
2017-10-12,112,11.1,9.3,13
2017-10-13,112,12.4,7.4,16.7
2017-10-14,112,14.2,10.4,18.4
2017-10-15,112,15.4,9.9,20.7
2017-10-16,112,15.8,13.1,19.4
2017-10-17,112,14.9,9.7,20.3
2017-10-18,112,16.2,14.1,17.9
2017-10-19,112,16.5,13.4,21.4
2017-10-20,112,16.3,11.9,20.9
2017-10-21,112,16.5,12.1,21.5
2017-10-22,112,15.8,11.8,22
2017-10-23,112,13.2,9.1,17.4
2017-10-24,112,14.5,10.9,18.7
2017-10-25,112,14.3,11.2,18.5
2017-10-26,112,14.4,12.2,16.6
2017-10-27,112,15.7,12.3,20
2017-10-28,112,16.3,11.7,20.9
2017-10-29,112,11.5,6.8,15.2
2017-10-30,112,7.6,3.3,11.7
2017-10-31,112,11.1,4.8,15.4
2017-11-01,112,14.6,12,18.7
2017-11-02,112,15.4,14,17.1
2017-11-03,112,11.7,6.4,15.5
2017-11-04,112,7,3.8,11.4
2017-11-05,112,9.6,4,14.5
2017-11-06,112,12,9.4,15.8
2017-11-07,112,14.8,10.5,19.2
2017-11-08,112,12.3,7.2,15.8
2017-11-09,112,9.5,5.1,14.1
2017-11-10,112,10.3,6.3,15.6
2017-11-11,112,6.2,4,9.1
2017-11-12,112,6.2,1.9,9.9
2017-11-13,112,9.4,5.5,13.3
2017-11-14,112,8,3.9,12
2017-11-15,112,3.6,-0.6,6.4
2017-11-16,112,1.5,-1.8,5.5
2017-11-17,112,4,0.7,7.2
2017-11-18,112,-1.9,-3.7,2.9
2017-11-19,112,-0.6,-5.3,3
2017-11-20,112,0.4,-2.5,4.8
2017-11-21,112,2.3,-2.6,6.9
2017-11-22,112,5.3,2.3,10.7
2017-11-23,112,1.8,-1,4.3
2017-11-24,112,0.1,-1.7,2.1
2017-11-25,112,4.6,-1.3,8.9
2017-11-26,112,2.8,-0.1,7.3
2017-11-27,112,1.7,-2.4,7
2017-11-28,112,6,0.8,10
2017-11-29,112,2.2,-2.4,8.5
2017-11-30,112,-2.6,-4.7,0.6
2017-12-01,112,-1.6,-6.2,2.6
2017-12-02,112,2.8,-2.7,7.1
2017-12-03,112,6.6,3.8,10
2017-12-04,112,-1.1,-5.3,6.1
2017-12-05,112,-3.8,-6.6,-1.3
2017-12-06,112,1.7,-3.4,4.9
2017-12-07,112,0.5,-2.5,3.9
2017-12-08,112,-3.2,-5.5,-1.5
2017-12-09,112,0.5,-3.9,4.4
2017-12-10,112,2.6,-2.1,8.3
2017-12-11,112,-6.4,-9.9,-2.1
2017-12-12,112,-8.7,-11.1,-6.2
2017-12-13,112,-7.7,-10.2,-4.7
2017-12-14,112,-6.2,-9.6,-2.6
2017-12-15,112,-2.5,-6.6,1.1
2017-12-16,112,-5,-6.7,-2.3
2017-12-17,112,-5.9,-9.6,-2.4
2017-12-18,112,0.5,-4.2,5.3
2017-12-19,112,-3.8,-6.5,-0.9
2017-12-20,112,-2.1,-7.6,2.1
2017-12-21,112,-0.2,-4.5,3.6
2017-12-22,112,4,-0.5,7.6
2017-12-23,112,5.9,4.2,9.2
2017-12-24,112,3.2,-0.2,6.1
2017-12-25,112,-2,-4.1,-0.2
2017-12-26,112,-3.3,-6.9,-0.4
2017-12-27,112,-6.3,-8.8,-4.2
2017-12-28,112,-1.7,-5.7,0.4
2017-12-29,112,2.2,0.5,5
2017-12-30,112,1.5,-0.7,4.6
2017-12-31,112,0.1,-1.5,2.4
2018-01-01,112,-0.3,-2.7,2.7
2018-01-02,112,-1.4,-4.3,0.8
2018-01-03,112,-4.4,-6.1,-1.9
2018-01-04,112,-5,-7.6,-3.2
2018-01-05,112,-2.8,-5.1,-0.2
2018-01-06,112,-2,-4.3,0.9
2018-01-07,112,-0.9,-5.4,2
2018-01-08,112,0.7,-1.7,3
2018-01-09,112,-3.9,-5.2,-0.5
2018-01-10,112,-7.1,-9.6,-5.1
2018-01-11,112,-10.7,-12.7,-9.1
2018-01-12,112,-9.8,-14.4,-6.2
2018-01-13,112,-3.3,-6.7,0.6
2018-01-14,112,1.5,-3.5,4.9
2018-01-15,112,3.8,1.3,5.9
2018-01-16,112,2.7,0.5,6.1
2018-01-17,112,3.2,0.9,7.2
2018-01-18,112,1.6,0.1,3.5
2018-01-19,112,0.9,-1.6,4.9
2018-01-20,112,2.1,-0.6,6
2018-01-21,112,-0.2,-3.2,3.1
2018-01-22,112,-0.2,-5.1,4.7
2018-01-23,112,-11.3,-13.8,-4.9
2018-01-24,112,-13.7,-15.2,-11.2
2018-01-25,112,-13.5,-15.7,-10
2018-01-26,112,-14.6,-17.1,-11.9
2018-01-27,112,-9.7,-14.3,-5.4
2018-01-28,112,-5.8,-8.2,-1.8
2018-01-29,112,-7.9,-10,-5.5
2018-01-30,112,-4.1,-9.9,0.4
2018-01-31,112,-2,-3.6,0.6
2018-02-01,112,-3.7,-7.9,0.2
2018-02-02,112,-2.5,-6.2,2.1
2018-02-03,112,-7.3,-9.2,-2.4
2018-02-04,112,-8.9,-11.7,-5.9
2018-02-05,112,-8.7,-10.1,-6.1
2018-02-06,112,-9.8,-11.8,-6.7
2018-02-07,112,-7.1,-11.9,-2.7
2018-02-08,112,-4.4,-7.9,0
2018-02-09,112,0.7,-4.7,5.7
2018-02-10,112,-1.2,-6.2,1.7
2018-02-11,112,-5.7,-8.7,-2.4
2018-02-12,112,-5.5,-8.3,-3
2018-02-13,112,-0.2,-5.7,4.2
2018-02-14,112,2.8,-1,7.2
2018-02-15,112,-1.4,-4.1,1.9
2018-02-16,112,-1.6,-5.6,2.7
2018-02-17,112,-3,-5.8,0.7
2018-02-18,112,-1,-4.6,3.5
2018-02-19,112,1.3,-1.4,5.3
2018-02-20,112,0.8,-1.7,4.8
2018-02-21,112,-1,-3.9,3
2018-02-22,112,1.6,-2.3,5.3
2018-02-23,112,3.9,0.7,7.5
2018-02-24,112,1.3,-0.9,4.6
2018-02-25,112,0.4,-2.2,5.1
2018-02-26,112,1.7,-2.6,6.3
2018-02-27,112,4,-0.4,6.1
2018-02-28,112,4.4,1.3,8.2
2018-03-01,112,-0.6,-3.7,3.7
2018-03-02,112,-1.1,-5.5,2.8
2018-03-03,112,7.2,0.5,13.5
2018-03-04,112,8.7,6.5,11.5
2018-03-05,112,5.1,1.9,8.9
2018-03-06,112,3.3,-0.6,8.3
2018-03-07,112,6.2,1.9,10.7
2018-03-08,112,3.9,1.8,7.7
2018-03-09,112,3.7,1.6,8
2018-03-10,112,3.6,0.4,7
2018-03-11,112,4.6,0.9,9
2018-03-12,112,6.6,0.6,12.4
2018-03-13,112,11.4,6.4,14.4
2018-03-14,112,15.5,12.4,19.5
2018-03-15,112,10.5,7.5,15.5
2018-03-16,112,7.4,3.9,10.9
2018-03-17,112,6.6,2.3,11.3
2018-03-18,112,6.8,4.6,9.7
2018-03-19,112,8,5.5,10.7
2018-03-20,112,5.3,2.4,8.7
2018-03-21,112,2.2,0.9,5.4
2018-03-22,112,4.1,1.3,7.8
2018-03-23,112,5,2,9.1
2018-03-24,112,5.6,3.9,8.2
2018-03-25,112,5.7,3.4,9.1
2018-03-26,112,7.7,4,13.3
2018-03-27,112,10.9,6.1,16.3
2018-03-28,112,12.5,9.8,16.7
2018-03-29,112,13.4,10.2,17.3
2018-03-30,112,12.4,8.5,18.3
2018-03-31,112,12.2,8.2,17.1
2018-04-01,112,14.1,10.8,16.6
2018-04-02,112,16.8,14.4,21.6
2018-04-03,112,15.5,12,19.2
2018-04-04,112,12.1,8.7,16.3
2018-04-05,112,8.4,7.2,10.9
2018-04-06,112,5.4,3.1,7.2
2018-04-07,112,4.5,2.2,7.6
2018-04-08,112,4.8,2.6,8.2
2018-04-09,112,7.5,0.4,13.3
2018-04-10,112,14.4,9.7,19.9
2018-04-11,112,10.3,7.6,14.4
2018-04-12,112,11.3,7,15.6
2018-04-13,112,14.5,8.6,18.2
2018-04-14,112,9,7.3,15
2018-04-15,112,9.2,6.2,12.5
2018-04-16,112,10.7,6.4,15.8
2018-04-17,112,11.5,7.3,17.2
2018-04-18,112,10.6,6.5,15.1
2018-04-19,112,12,7.2,17.4
2018-04-20,112,15.7,10.9,22.3
2018-04-21,112,16.4,11.5,21.4
2018-04-22,112,15.3,11.4,19
2018-04-23,112,9.9,9,11.8
2018-04-24,112,12.1,9.1,15.1
2018-04-25,112,14.3,8.1,21.3
2018-04-26,112,13.3,9.5,18.7
2018-04-27,112,13.2,9.6,18.5
2018-04-28,112,12.9,9.2,17.5
2018-04-29,112,14.6,9.9,20.5
2018-04-30,112,17.4,12.1,22.1
2018-05-01,112,18.5,16.7,21.5
2018-05-02,112,14.5,9.8,18.4
2018-05-03,112,11.8,8.6,14.6
2018-05-04,112,13.5,10.6,16.3
2018-05-05,112,16.9,11.8,21.5
2018-05-06,112,16.3,14.7,19.2
2018-05-07,112,17.5,14.3,23.9
2018-05-08,112,18.1,13.1,23.3
2018-05-09,112,14.8,10,19.4
2018-05-10,112,13.2,10.9,16.8
2018-05-11,112,13.6,10.6,17.5
2018-05-12,112,13.7,11.1,15.4
2018-05-13,112,13.4,10.8,16.1
2018-05-14,112,16.4,10.3,22.2
2018-05-15,112,22.6,16.3,27.8
2018-05-16,112,20.8,19,24.3
2018-05-17,112,19.2,16.5,22.2
2018-05-18,112,15.6,12.9,18.2
2018-05-19,112,17.9,10.4,23.6
2018-05-20,112,18,14.2,22.1
2018-05-21,112,17.3,13.1,22.2
2018-05-22,112,17.6,15.1,22.2
2018-05-23,112,15.8,12.7,20.3
2018-05-24,112,16.6,12.3,20.6
2018-05-25,112,18.4,14.3,23.1
2018-05-26,112,19.8,14.5,25.6
2018-05-27,112,18.1,15,21.8
2018-05-28,112,20,15.3,25.7
2018-05-29,112,19.6,17.7,23.8
2018-05-30,112,18,14.9,21.1
2018-05-31,112,19.2,14.6,24.9
2018-06-01,112,20.9,15.9,27.4
2018-06-02,112,20.7,16,27.3
2018-06-03,112,21.9,16.3,28.1
2018-06-04,112,20.4,17.7,24.4
2018-06-05,112,22.2,18.2,26.9
2018-06-06,112,19.7,17.3,23.6
2018-06-07,112,19.3,17.1,22.8
2018-06-08,112,20.4,17.7,24.4
2018-06-09,112,21.9,17.1,28.1
2018-06-10,112,20.3,17.5,23.5
2018-06-11,112,19.2,17.6,22.2
2018-06-12,112,19.9,16.6,23.7
2018-06-13,112,20.7,17.8,24.9
2018-06-14,112,20.5,17.9,22.5
2018-06-15,112,21.3,17.4,25.5
2018-06-16,112,21.4,17,26.1
2018-06-17,112,20.4,17.6,24.1
2018-06-18,112,22.3,18.8,27
2018-06-19,112,20.2,17.9,24.1
2018-06-20,112,20.5,18.3,24.4
2018-06-21,112,20.9,18.9,24.5
2018-06-22,112,23.1,17.9,28.3
2018-06-23,112,22.2,19.9,25.4
2018-06-24,112,22,18.5,27
2018-06-25,112,24.7,20.3,29
2018-06-26,112,21.3,19.4,24
2018-06-27,112,20.5,18.5,23
2018-06-28,112,22.3,20,25.1
2018-06-29,112,22.3,20,26
2018-06-30,112,24,19.5,28.5
2018-07-01,112,21.9,21.1,23.8
2018-07-02,112,22.7,20.3,25.4
2018-07-03,112,26.7,22.9,30.9
2018-07-04,112,24.9,21.9,28.7
2018-07-05,112,25.3,21.9,28.6
2018-07-06,112,24.4,22.4,27.4
2018-07-07,112,23.9,19.4,28.7
2018-07-08,112,23.4,18.9,27.3
2018-07-09,112,21.3,20.3,23.6
2018-07-10,112,24.1,20.5,26.7
2018-07-11,112,26.1,24.6,28.4
2018-07-12,112,25.6,24.1,27.4
2018-07-13,112,25.9,23.8,29
2018-07-14,112,26.2,23.5,29.2
2018-07-15,112,26.5,24.1,30.8
2018-07-16,112,26.2,22.3,30.9
2018-07-17,112,26.1,23.3,29.4
2018-07-18,112,26.1,22.4,30.2
2018-07-19,112,26.2,23.2,30.8
2018-07-20,112,27,23.9,31.5
2018-07-21,112,28.1,24,32.7
2018-07-22,112,30.2,25.4,35.2
2018-07-23,112,29.6,27.4,33.1
2018-07-24,112,29.4,26.2,33.8
2018-07-25,112,28.6,26.5,31.3
2018-07-26,112,28.4,26.5,31.4
2018-07-27,112,28.6,25.9,32.2
2018-07-28,112,28.9,26.6,32.8
2018-07-29,112,30.7,27.3,34.8
2018-07-30,112,31.1,25.8,35.6
2018-07-31,112,31.2,28,35.2
2018-08-01,112,31.4,27.6,35.9
2018-08-02,112,31.8,29.1,35.2
2018-08-03,112,31.2,28.9,34.8
2018-08-04,112,29.5,27.4,33
2018-08-05,112,29.1,27,31.8
2018-08-06,112,29.4,27,32.7
2018-08-07,112,30.1,27.8,33.4
2018-08-08,112,29.7,27,33.3
2018-08-09,112,28.6,26.9,31.4
2018-08-10,112,30,26,34.5
2018-08-11,112,30.4,27.3,34.2
2018-08-12,112,30.2,27.3,33.9
2018-08-13,112,30.6,27.4,34.2
2018-08-14,112,31,28.5,34.8
2018-08-15,112,30.9,28,35.4
2018-08-16,112,30.3,25.6,35
2018-08-17,112,27.4,22.5,32.5
2018-08-18,112,26.6,22.4,30.2
2018-08-19,112,27.1,24.2,31.2
2018-08-20,112,28.2,24.6,31.9
2018-08-21,112,25.1,22.5,28.5
2018-08-22,112,29.2,23.4,34.3
2018-08-23,112,28.2,24.1,30.6
2018-08-24,112,23.9,23.2,25.4
2018-08-25,112,24.7,22.8,27.3
2018-08-26,112,22.9,21.2,28.4
2018-08-27,112,23.1,20.5,25.8
2018-08-28,112,24.1,22.5,25.6
2018-08-29,112,25.6,23,27.4
2018-08-30,112,25.1,23.9,26.8
2018-08-31,112,24.6,22.5,27.8
2018-09-01,112,25.9,21.8,29.9
2018-09-02,112,25.3,20.9,29.3
2018-09-03,112,23.6,21.5,26.1
2018-09-04,112,23.3,19.9,27.2
2018-09-05,112,24.5,22.6,27
2018-09-06,112,24.4,21.9,26.6
2018-09-07,112,21.9,19.1,24.7
2018-09-08,112,21.5,17.4,25.8
2018-09-09,112,21.4,16.6,25.7
2018-09-10,112,23.1,19.2,26.7
2018-09-11,112,21.9,17.8,25.7
2018-09-12,112,22.7,18.4,27.3
2018-09-13,112,23.8,21.4,27.4
2018-09-14,112,24,21.8,26.4
2018-09-15,112,23.1,21.6,25
2018-09-16,112,21.9,20.9,23.4
2018-09-17,112,21.6,18.2,25.1
2018-09-18,112,21.6,18.5,24.7
2018-09-19,112,21.3,18.9,24.1
2018-09-20,112,19.1,18,20
2018-09-21,112,19.7,17.7,21.8
2018-09-22,112,21,17.7,24.6
2018-09-23,112,20.3,17.9,24.3
2018-09-24,112,18.2,14.8,21.2
2018-09-25,112,18.1,12.5,23.1
2018-09-26,112,19.7,16.4,24.6
2018-09-27,112,19.2,13.9,24.7
2018-09-28,112,18.5,15.5,21.4
2018-09-29,112,20.6,15.9,26.1
2018-09-30,112,18.2,15.9,21.2
2018-10-01,112,15.7,13.8,18.5
2018-10-02,112,16.5,11.9,20.4
2018-10-03,112,17.6,13.3,22.1
2018-10-04,112,20.1,14.6,24.7
2018-10-05,112,17.2,16,20.2
2018-10-06,112,18.6,16.2,22.4
2018-10-07,112,16.8,13.1,20.4
2018-10-08,112,16.2,12.5,19.8
2018-10-09,112,16.2,13.2,19
2018-10-10,112,12.8,10.3,16.2
2018-10-11,112,11.1,9.1,13.8
2018-10-12,112,11.9,8.2,15.7
2018-10-13,112,13.3,8.4,17.8
2018-10-14,112,14.2,9.6,18.5
2018-10-15,112,15.9,12.4,20.3
2018-10-16,112,14.8,11.7,18.7
2018-10-17,112,13,9.6,16.9
2018-10-18,112,12.2,8,17.1
2018-10-19,112,13.3,8.7,18.2
2018-10-20,112,13.3,8.9,18.7
2018-10-21,112,13.9,9.4,18.5
2018-10-22,112,14.6,10.7,19
2018-10-23,112,13.8,11.6,16.6
2018-10-24,112,14.1,10.1,18.2
2018-10-25,112,14.9,10,19.4
2018-10-26,112,13.2,10.4,14.8
2018-10-27,112,9.9,8.5,11.4
2018-10-28,112,9.8,6.9,15.6
2018-10-29,112,8.3,5.3,12.3
2018-10-30,112,7.3,3.4,10.7
2018-10-31,112,8.1,5.3,11.7
2018-11-01,112,9.9,5,14.5
2018-11-02,112,11.6,6.9,16.8
2018-11-03,112,12,7.8,16.7
2018-11-04,112,11.7,7.7,16.8
2018-11-05,112,12.1,8.6,15.8
2018-11-06,112,12.1,9.9,15.6
2018-11-07,112,12.6,11.1,14.2
2018-11-08,112,12.8,11.7,15.6
2018-11-09,112,12.5,11,14.8
2018-11-10,112,12,9.8,15.9
2018-11-11,112,8.3,6.6,10
2018-11-12,112,8.2,5,12.1
2018-11-13,112,9,5.3,13.1
2018-11-14,112,9.6,5.7,14
2018-11-15,112,10.4,6.5,14.6
2018-11-16,112,8.6,4.7,13.4
2018-11-17,112,5.3,2,8.1
2018-11-18,112,7,3.3,10.4
2018-11-19,112,7.9,4.9,11.1
2018-11-20,112,8.1,2.7,11.6
2018-11-21,112,6.3,3.5,8.8
2018-11-22,112,3,0.4,6.8
2018-11-23,112,2.8,-1.2,6.8
2018-11-24,112,4.6,0.6,6.8
2018-11-25,112,6.8,3.1,10.1
2018-11-26,112,8.4,3.8,13.1
2018-11-27,112,8.4,5.7,12.5
2018-11-28,112,5.2,3.2,8.5
2018-11-29,112,3.9,2.2,5.5
2018-11-30,112,3.5,0.2,7.8
2018-12-01,112,6.3,3.1,10.1
2018-12-02,112,9.2,4.5,12.7
2018-12-03,112,11.8,10.3,13.6
2018-12-04,112,6.5,0.4,10.3
2018-12-05,112,-0.3,-3.5,2.3
2018-12-06,112,2.1,-1,5.2
2018-12-07,112,-6.8,-8.7,-1
2018-12-08,112,-8,-10.9,-5
2018-12-09,112,-6.4,-10.4,-3.1
2018-12-10,112,-1.7,-6.1,2.5
2018-12-11,112,0.9,-1.4,4.5
2018-12-12,112,-1.4,-3.2,0.9
2018-12-13,112,-1.6,-4.6,2.2
2018-12-14,112,-3.8,-5.9,-1.1
2018-12-15,112,-2,-6.5,1.7
2018-12-16,112,1.2,-1.6,3.4
2018-12-17,112,2.7,-0.1,6.4
2018-12-18,112,4.2,-0.4,8.1
2018-12-19,112,4.7,2.6,8.7
2018-12-20,112,3.7,0.1,8
2018-12-21,112,5.2,1.1,8.9
2018-12-22,112,5.6,3.3,9.6
2018-12-23,112,2.5,-2.5,6.4
2018-12-24,112,-1.5,-4.3,2.5
2018-12-25,112,1.1,-2.5,4.7
2018-12-26,112,-1.9,-7,3.1
2018-12-27,112,-9.5,-11.7,-7
2018-12-28,112,-9.6,-13.2,-6.6
2018-12-29,112,-6.8,-9.2,-3.8
2018-12-30,112,-6.6,-9.3,-3
2018-12-31,112,-4.9,-9.1,-1
2019-01-01,112,-4.4,-7.2,-0.9
2019-01-02,112,-3.9,-6.4,0
2019-01-03,112,-2.6,-6.4,2.4
2019-01-04,112,-0.3,-4.3,3.5
2019-01-05,112,-2.8,-5.2,0.5
2019-01-06,112,-2.7,-5.8,1.9
2019-01-07,112,-1.3,-4.9,2.5
2019-01-08,112,-2.9,-5.8,0.3
2019-01-09,112,-4.6,-8.3,-0.8
2019-01-10,112,-0.9,-4.2,2.1
2019-01-11,112,2.2,0.3,5.8
2019-01-12,112,2.2,0.8,6.3
2019-01-13,112,1.3,-2.7,6.5
2019-01-14,112,1.7,-1.2,4.4
2019-01-15,112,-1.9,-6.3,2.4
2019-01-16,112,-4.9,-9,-2
2019-01-17,112,0.6,-2.2,3.1
2019-01-18,112,1.3,-3.3,6.1
2019-01-19,112,3.8,0.8,8.5
2019-01-20,112,-1.4,-4.6,3.1
2019-01-21,112,0.5,-4.5,4.8
2019-01-22,112,3.4,0.1,7.1
2019-01-23,112,2.7,-0.4,6.5
2019-01-24,112,0.2,-3.1,4.3
2019-01-25,112,-1.1,-3.1,1.3
2019-01-26,112,-2.5,-5.6,1.6
2019-01-27,112,0.8,-4.4,4.1
2019-01-28,112,1.2,-2.1,4.2
2019-01-29,112,0,-3.8,4
2019-01-30,112,1.7,-1.2,6.1
2019-01-31,112,-2.4,-5,1.6
2019-02-01,112,-0.9,-5.2,2.7
2019-02-02,112,2.9,-1.8,7.2
2019-02-03,112,3.1,0.6,4.7
2019-02-04,112,-0.7,-2.2,1.8
2019-02-05,112,3.6,-2.1,8.8
2019-02-06,112,5.3,1.9,9.9
2019-02-07,112,-2.9,-8.3,5
2019-02-08,112,-6.8,-10.4,-3.6
2019-02-09,112,-5.2,-7.3,-2.8
2019-02-10,112,-5.1,-8.1,-2.9
2019-02-11,112,-2.6,-6.3,1
2019-02-12,112,-0.8,-3.3,2.2
2019-02-13,112,-2.4,-4.8,1.1
2019-02-14,112,-1.8,-5.6,2.8
2019-02-15,112,-1,-2.8,1.2
2019-02-16,112,-2.4,-4.5,0
2019-02-17,112,-1.1,-4.9,2.8
2019-02-18,112,0.6,-3.3,4
2019-02-19,112,1.3,-0.1,3.7
2019-02-20,112,2,0.4,4.7
2019-02-21,112,2.1,-1.2,6.4
2019-02-22,112,3.1,-0.7,8.4
2019-02-23,112,6.3,1,13.2
2019-02-24,112,5.2,1.8,11
2019-02-25,112,3.6,0.8,8.6
2019-02-26,112,4.7,0,9.8
2019-02-27,112,6,3.7,11.2
2019-02-28,112,5.5,2.2,10.7
2019-03-01,112,5.5,2,10.3
2019-03-02,112,6.7,1.9,11.6
2019-03-03,112,7.9,3,13.5
2019-03-04,112,7.8,5.4,13.3
2019-03-05,112,6.8,5,10.7
2019-03-06,112,7,4.9,10.8
2019-03-07,112,6.4,2.8,11
2019-03-08,112,5,1.2,10.5
2019-03-09,112,6.3,1.1,12.1
2019-03-10,112,9,6.1,14.4
2019-03-11,112,5.1,3.6,6.7
2019-03-12,112,4.3,1.6,7.4
2019-03-13,112,3.8,1.7,6.9
2019-03-14,112,5.3,0.1,8.8
2019-03-15,112,5.2,2.5,11
2019-03-16,112,4.7,1.3,8
2019-03-17,112,6,3.3,11
2019-03-18,112,6.5,2.3,10.4
2019-03-19,112,8.2,4.4,12.5
2019-03-20,112,10.1,6.5,13.5
2019-03-21,112,6.6,2.3,10.4
2019-03-22,112,3.4,0,7.3
2019-03-23,112,3.8,1.3,7.4
2019-03-24,112,4.8,1.7,7.9
2019-03-25,112,7.4,3.4,11.3
2019-03-26,112,9.4,7,13.9
2019-03-27,112,9.5,6,13.5
2019-03-28,112,7.8,4.6,12.4
2019-03-29,112,7.9,5.6,11.4
2019-03-30,112,5,3.5,7.8
2019-03-31,112,4.8,3,7.9
2019-04-01,112,6,3.4,9.9
2019-04-02,112,6.7,3.3,11.2
2019-04-03,112,7.3,3.9,11.8
2019-04-04,112,8,4.1,11.9
2019-04-05,112,10.5,6.9,14.8
2019-04-06,112,9.4,6.5,10.9
2019-04-07,112,11.7,5.8,17.8
2019-04-08,112,10.7,7.8,15.4
2019-04-09,112,9.8,5.1,14.1
2019-04-10,112,7.1,5.2,10
2019-04-11,112,9,5.6,13.4
2019-04-12,112,9.9,6.2,14.8
2019-04-13,112,11.1,6.7,16.2
2019-04-14,112,9.6,7.5,12.5
2019-04-15,112,11.1,7,14.8
2019-04-16,112,14,8.1,20
2019-04-17,112,14.2,10.2,19
2019-04-18,112,11.5,9.7,14.8
2019-04-19,112,13.6,9.9,18.8
2019-04-20,112,13.4,11.4,17.7
2019-04-21,112,12.5,10.7,15.9
2019-04-22,112,16.1,10.1,25.3
2019-04-23,112,17.3,13.6,22.5
2019-04-24,112,16.7,13,21.8
2019-04-25,112,12.7,8.1,16.8
2019-04-26,112,8.5,7.6,9.7
2019-04-27,112,11,6.1,16.1
2019-04-28,112,12.6,10.5,16.3
2019-04-29,112,13.5,9.9,16.8
2019-04-30,112,14.4,10.8,19.8
2019-05-01,112,14.2,10.7,18.5
2019-05-02,112,16,12.6,22
2019-05-03,112,15.4,10.8,21.5
2019-05-04,112,16.3,11.7,21.8
2019-05-05,112,16.7,12.7,22.7
2019-05-06,112,13.6,10.1,18.2
2019-05-07,112,13.4,9.8,18.2
2019-05-08,112,13.8,10.8,17.2
2019-05-09,112,14.1,11.7,17.9
2019-05-10,112,15.2,10.4,21
2019-05-11,112,16.6,12,22.8
2019-05-12,112,18.5,12.8,23.9
2019-05-13,112,16.9,14.7,21.3
2019-05-14,112,18.1,13.3,23.8
2019-05-15,112,18.6,14.4,24.1
2019-05-16,112,21,15.2,26.7
2019-05-17,112,21.5,17.4,25.7
2019-05-18,112,21,16.6,25.4
2019-05-19,112,19.2,17.7,21.1
2019-05-20,112,15.1,12.8,19.5
2019-05-21,112,15.8,12.5,21
2019-05-22,112,17.6,12.8,22.3
2019-05-23,112,19.5,15.2,25.4
2019-05-24,112,22.2,17.2,28.3
2019-05-25,112,21.7,17.7,25
2019-05-26,112,23.2,19.3,27.4
2019-05-27,112,17.4,15,22.4
2019-05-28,112,17.2,13.9,20.6
2019-05-29,112,18.4,14.2,22.4
2019-05-30,112,18.4,15.6,22.4
2019-05-31,112,17.7,15.5,21.2
2019-06-01,112,17,14.8,19.9
2019-06-02,112,19.5,14.8,24.4
2019-06-03,112,21.2,16.5,27.1
2019-06-04,112,20.6,17.9,24.7
2019-06-05,112,19.5,17.3,23.2
2019-06-06,112,19.5,17.3,21.8
2019-06-07,112,19.9,16.9,24.1
2019-06-08,112,21.1,17,24.8
2019-06-09,112,20.1,18.2,23.5
2019-06-10,112,19.6,16.1,23
2019-06-11,112,20.3,16.5,24.3
2019-06-12,112,20.2,17,23.7
2019-06-13,112,21.3,17.2,26.5
2019-06-14,112,21.7,18.9,26.7
2019-06-15,112,21.8,19.1,25.4
2019-06-16,112,21.1,17.5,25.1
2019-06-17,112,19.7,17.4,23.3
2019-06-18,112,20.6,18.5,24.1
2019-06-19,112,20.9,18.9,25
2019-06-20,112,21.5,19.4,25.5
2019-06-21,112,21.4,19,24.8
2019-06-22,112,23.4,17.7,28.1
2019-06-23,112,24.4,20.6,28.6
2019-06-24,112,23,20.6,26.4
2019-06-25,112,23.7,19.5,28.7
2019-06-26,112,23.8,21.1,27.5
2019-06-27,112,23.7,21.8,27.1
2019-06-28,112,22.5,20.7,26.9
2019-06-29,112,23,20.3,26.3
2019-06-30,112,22.2,20.7,24.4
2019-07-01,112,22.3,19.8,25.8
2019-07-02,112,22.7,19.6,26.3
2019-07-03,112,22.3,20.3,25.2
2019-07-04,112,22.8,19.7,27.2
2019-07-05,112,25.1,20.7,30.8
2019-07-06,112,28.6,22.9,34.6
2019-07-07,112,27,23.9,30.6
2019-07-08,112,25.6,21.8,30.2
2019-07-09,112,25.1,21,29
2019-07-10,112,22.8,19.6,26.4
2019-07-11,112,21,19.5,23.2
2019-07-12,112,22.7,20.2,25.7
2019-07-13,112,23.1,21.5,26.3
2019-07-14,112,24.3,21.2,28.2
2019-07-15,112,24,22.1,26.5
2019-07-16,112,24.3,22,28.1
2019-07-17,112,25.1,22.3,28.4
2019-07-18,112,25.8,22.6,30.1
2019-07-19,112,28.1,23,33.6
2019-07-20,112,27.8,24.9,31
2019-07-21,112,24.6,23.4,27.5
2019-07-22,112,24.9,23.2,28.1
2019-07-23,112,26.5,23.7,29.9
2019-07-24,112,25.5,24.8,26.2
2019-07-25,112,25.5,24.9,26.1
2019-07-26,112,24.4,23.2,25.1
2019-07-27,112,27.2,24.5,30.9
2019-07-28,112,25.5,24.6,26.8
2019-07-29,112,26.8,25.1,29
2019-07-30,112,27.1,25.6,29.2
2019-07-31,112,25,23.7,26.3
2019-08-01,112,25.8,23.4,28.3
2019-08-02,112,27.6,24.8,31.5
2019-08-03,112,28.8,25.2,33.6
2019-08-04,112,28.7,25.3,33.1
2019-08-05,112,29.9,26.1,34
2019-08-06,112,31.4,28.2,34.9
2019-08-07,112,27.9,25.7,31.1
2019-08-08,112,28,26.3,30.8
2019-08-09,112,28.9,26,32.3
2019-08-10,112,31.4,27.1,36
2019-08-11,112,30.3,24.9,35.1
2019-08-12,112,26.2,24.5,28.8
2019-08-13,112,27.5,23.5,31.7
2019-08-14,112,29.5,26.3,33.3
2019-08-15,112,26.3,23.8,28.5
2019-08-16,112,25.8,23.8,29
2019-08-17,112,25.3,23.5,28.5
2019-08-18,112,25.3,23.2,28.4
2019-08-19,112,26.1,22.8,29.7
2019-08-20,112,27.9,23.5,31.4
2019-08-21,112,26.9,24.7,30.7
2019-08-22,112,26.3,23.9,29.4
2019-08-23,112,25.8,22.9,29
2019-08-24,112,24.2,22.3,27.3
2019-08-25,112,24.8,21.4,28
2019-08-26,112,25.9,23.4,29.5
2019-08-27,112,24.9,22.2,27.6
2019-08-28,112,25.6,23.7,28.5
2019-08-29,112,23.8,20.5,26.3
2019-08-30,112,23.1,21.4,25.6
2019-08-31,112,23.5,19.9,27.3
2019-09-01,112,23.6,20.4,26.3
2019-09-02,112,24.6,20.8,28.8
2019-09-03,112,24.6,22.5,28.1
2019-09-04,112,22.9,21.6,24.4
2019-09-05,112,23,22.2,25.4
2019-09-06,112,24.7,22.1,27.8
2019-09-07,112,25.2,22.5,29.5
2019-09-08,112,24.2,23.1,26
2019-09-09,112,25.3,22.8,28
2019-09-10,112,23.8,22.2,26.5
2019-09-11,112,24.3,20.2,27.8
2019-09-12,112,20.5,17.4,23.9
2019-09-13,112,22.5,17.5,27.5
2019-09-14,112,22.7,21.6,24.1
2019-09-15,112,23.5,20.1,27.5
2019-09-16,112,24.1,20.3,28.7
2019-09-17,112,23.9,19.8,28.1
2019-09-18,112,20.5,15.9,23.5
2019-09-19,112,19.2,14.1,24.1
2019-09-20,112,19.9,16,23.4
2019-09-21,112,20.3,18.8,22.5
2019-09-22,112,19.4,18.3,20.5
2019-09-23,112,19.8,16.7,23.7
2019-09-24,112,20.2,16.2,24.4
2019-09-25,112,20.8,17,24.5
2019-09-26,112,22.9,18.8,28.1
2019-09-27,112,23.2,20.5,26.6
2019-09-28,112,23.1,20.2,27
2019-09-29,112,21.7,18.3,26.4
2019-09-30,112,21.7,18.2,26.4
2019-10-01,112,22.8,18.4,27.5
2019-10-02,112,22.1,20.3,24.4
2019-10-03,112,23.1,19.9,27.2
2019-10-04,112,22.2,19.7,26.1
2019-10-05,112,18.5,14.6,21.3
2019-10-06,112,17.9,12.7,22.1
2019-10-07,112,15.3,14.3,18.3
2019-10-08,112,15.7,11.9,18.3
2019-10-09,112,14.5,10.1,19
2019-10-10,112,16.1,13.1,19.3
2019-10-11,112,19.3,15,24.1
2019-10-12,112,18.2,15.2,22.5
2019-10-13,112,17.5,12.8,23
2019-10-14,112,14.3,9.8,17.2
2019-10-15,112,14,8.6,20
2019-10-16,112,14.8,10.9,19
2019-10-17,112,16,12.6,21.1
2019-10-18,112,18.2,14.3,23.3
2019-10-19,112,17.2,13.4,21.3
2019-10-20,112,16.5,13.6,20.7
2019-10-21,112,17.4,12.6,22.4
2019-10-22,112,18,14.3,22.4
2019-10-23,112,17.8,15.6,20.5
2019-10-24,112,18.2,14.8,22.5
2019-10-25,112,16,11.9,20.8
2019-10-26,112,10.2,7.7,12.8
2019-10-27,112,12.5,6.9,16.8
2019-10-28,112,14.1,10.2,17.3
2019-10-29,112,13.6,9.2,17.3
2019-10-30,112,13,7.8,17.3
2019-10-31,112,15.7,10.6,19.2
2019-11-01,112,15.1,12.8,18.6
2019-11-02,112,13.8,10.5,17.3
2019-11-03,112,14.9,10.5,19.9
2019-11-04,112,14.2,9.7,18.2
2019-11-05,112,13.2,10.8,16.8
2019-11-06,112,11.7,7.6,15.5
2019-11-07,112,9.4,5.9,11.8
2019-11-08,112,7.3,2.6,11.2
2019-11-09,112,10.7,6.4,15.7
2019-11-10,112,10.8,8.7,14.8
2019-11-11,112,12.1,9.4,15
2019-11-12,112,11,7.7,14.3
2019-11-13,112,8.7,3.6,13.2
2019-11-14,112,2.1,-1.1,5
2019-11-15,112,7.3,2.6,9.9
2019-11-16,112,7.3,3.8,11.6
2019-11-17,112,9.7,7.9,13.8
2019-11-18,112,4.8,1.4,13.7
2019-11-19,112,0.7,-2.5,3.9
2019-11-20,112,1.1,-2.7,5.1
2019-11-21,112,5.7,0.1,9.4
2019-11-22,112,10.8,4.5,15.9
2019-11-23,112,12.7,9.3,16.9
2019-11-24,112,10.5,3.9,16.8
2019-11-25,112,1.4,-2,4
2019-11-26,112,6.2,1.6,11.8
2019-11-27,112,2.9,0,5.6
2019-11-28,112,2.8,-0.7,8
2019-11-29,112,2,-1.4,5.9
2019-11-30,112,4.6,0.6,8.1
2019-12-01,112,5.1,3,7.4
2019-12-02,112,0.5,-2.4,3.2
2019-12-03,112,1.7,-3.4,4.9
2019-12-04,112,2.5,-1,7.1
2019-12-05,112,-4.3,-8.3,0
2019-12-06,112,-5.1,-9,-1.5
2019-12-07,112,0.1,-4.1,4.6
2019-12-08,112,0.9,-3.3,5
2019-12-09,112,5.3,0.5,8.5
2019-12-10,112,8.2,4.5,10.1
2019-12-11,112,6.4,0.9,10
2019-12-12,112,-0.1,-2.1,2.5
2019-12-13,112,3.3,-1.3,6
2019-12-14,112,2.6,0.9,7.9
2019-12-15,112,5.2,-0.1,10.7
2019-12-16,112,8.9,3,13.7
2019-12-17,112,7.9,3.4,11.8
2019-12-18,112,0.3,-1.3,3.4
2019-12-19,112,-0.5,-3.4,2.2
2019-12-20,112,-1,-2.9,0.9
2019-12-21,112,0.2,-3.1,2.7
2019-12-22,112,4.5,1.2,8.2
2019-12-23,112,3.4,0.4,6.5
2019-12-24,112,0.7,-2.1,4.6
2019-12-25,112,2.5,-0.8,5.8
2019-12-26,112,2,-1.5,4
2019-12-27,112,-1,-3.5,2.1
2019-12-28,112,2.6,-1.7,5.9
2019-12-29,112,4.9,2.5,7.3
2019-12-30,112,2.4,-5.4,6.4
2019-12-31,112,-7.3,-9.9,-5.3
2020-01-01,112,-1.4,-5.4,1.9
2020-01-02,112,1.8,0.5,3.6
2020-01-03,112,0.8,-2,4.4
2020-01-04,112,2.1,-0.5,5.4
2020-01-05,112,1.6,-1.6,4.3
2020-01-06,112,3.6,1.3,4.9
2020-01-07,112,6.3,4.6,8.5
2020-01-08,112,2.1,-0.3,8.1
2020-01-09,112,-0.9,-2.4,0.9
2020-01-10,112,-0.6,-3.4,3
2020-01-11,112,0.1,-1.3,2.7
2020-01-12,112,-0.9,-3,1.8
2020-01-13,112,-2.2,-3,-0.7
2020-01-14,112,-1.8,-3.8,1.1
2020-01-15,112,-2.1,-5.5,1.3
2020-01-16,112,-1.6,-4.4,1.9
2020-01-17,112,-0.8,-3.7,2.6
2020-01-18,112,0.6,-3,4.8
2020-01-19,112,2.8,1,5.2
2020-01-20,112,1.2,-2.1,5.1
2020-01-21,112,-0.3,-4,3.4
2020-01-22,112,3,0,7.2
2020-01-23,112,4.1,1.1,8.2
2020-01-24,112,2.3,-0.1,5
2020-01-25,112,2.9,-0.2,6.8
2020-01-26,112,5.4,-0.2,10.3
2020-01-27,112,5.9,4,7.8
2020-01-28,112,7.2,4.1,10.4
2020-01-29,112,5.5,3,8.9
2020-01-30,112,4.9,2.4,9
2020-01-31,112,3.4,1.7,6.5
2020-02-01,112,3,-0.2,7.3
2020-02-02,112,1.4,-1.3,4.3
2020-02-03,112,-0.3,-2.3,1.8
2020-02-04,112,-1.3,-4.9,3.3
2020-02-05,112,-8.1,-10.4,-4.9
2020-02-06,112,-6.6,-10.6,-2.4
2020-02-07,112,-1.4,-5.9,1.3
2020-02-08,112,0.1,-2.1,2.9
2020-02-09,112,0.4,-4,3.8
2020-02-10,112,4.1,0.5,8.9
2020-02-11,112,7.2,1.4,13
2020-02-12,112,7.3,6.2,8.2
2020-02-13,112,5.8,3.9,8
2020-02-14,112,7.1,3.9,11.5
2020-02-15,112,8.1,4.4,14.5
2020-02-16,112,-1.3,-3.6,4.4
2020-02-17,112,-5.4,-6.3,-2.6
2020-02-18,112,-3.4,-6.7,0.6
2020-02-19,112,1.9,-2.3,6
2020-02-20,112,4.5,1.2,8.6
2020-02-21,112,6.6,2.8,10.6
2020-02-22,112,4,0.6,6.9
2020-02-23,112,3.2,-0.2,6.5
2020-02-24,112,6.8,2.1,10.8
2020-02-25,112,7,5.1,9.9
2020-02-26,112,6,3.2,10
2020-02-27,112,5.2,1.5,10.3
2020-02-28,112,4.3,2.8,5.1
2020-02-29,112,6.2,3.9,10.1
2020-03-01,112,5.1,3.8,7.6
2020-03-02,112,3.1,0.6,6.2
2020-03-03,112,4.8,1.2,9.4
2020-03-04,112,2.1,-0.2,4.7
2020-03-05,112,1.3,-2,4.9
2020-03-06,112,3,-1.5,7.6
2020-03-07,112,6,2.1,10.8
2020-03-08,112,8.2,3.3,14.2
2020-03-09,112,9.4,4.6,14.9
2020-03-10,112,6.3,3.7,9.5
2020-03-11,112,3.8,1.3,6.9
2020-03-12,112,6.7,2.3,11.4
2020-03-13,112,4.2,0.2,7.3
2020-03-14,112,4,-1.3,7.8
2020-03-15,112,4.6,1.1,7.6
2020-03-16,112,3,-1.9,7
2020-03-17,112,6.6,4.1,10.2
2020-03-18,112,9.6,4.1,13.9
2020-03-19,112,8.2,6.7,11.5
2020-03-20,112,8.4,5.2,11.5
2020-03-21,112,10.7,7.7,15.2
2020-03-22,112,9.9,5.4,15
2020-03-23,112,9.5,6.1,13.1
2020-03-24,112,10.4,6.4,15.7
2020-03-25,112,11.7,6.7,16.5
2020-03-26,112,14.7,10.2,19.9
2020-03-27,112,10.7,7,14
2020-03-28,112,7.1,4.5,10.7
2020-03-29,112,7.8,2.2,13.7
2020-03-30,112,8.1,4,13.2
2020-03-31,112,9.9,5,14.9
2020-04-01,112,10.6,6.4,15.2
2020-04-02,112,8.2,5,12.2
2020-04-03,112,9,5.7,13.3
2020-04-04,112,8.7,6.1,11.5
2020-04-05,112,7,3,11.1
2020-04-06,112,8.3,4.5,12.2
2020-04-07,112,9.4,7.1,13.4
2020-04-08,112,9.2,6.7,13.1
2020-04-09,112,8.4,5.8,12.5
2020-04-10,112,9.5,5.4,14.3
2020-04-11,112,8.5,6.5,11.6
2020-04-12,112,10.3,5.5,15.3
2020-04-13,112,11.5,5.1,18.3
2020-04-14,112,11.1,7.8,15.7
2020-04-15,112,11.9,7.8,16.8
2020-04-16,112,14.7,8.9,20.5
2020-04-17,112,12,10,14.9
2020-04-18,112,12,8.8,16.2
2020-04-19,112,11.9,9.4,15.5
2020-04-20,112,10,8.5,12.7
2020-04-21,112,7.7,6,9.2
2020-04-22,112,6.6,5.4,8.3
2020-04-23,112,8.3,5.6,11.6
2020-04-24,112,9.8,6.1,12.9
2020-04-25,112,12.5,9.9,14.8
2020-04-26,112,12.1,8.1,16.6
2020-04-27,112,12.3,8.8,16.5
2020-04-28,112,12.2,9,16
2020-04-29,112,13.5,10,18.1
2020-04-30,112,15.9,11.3,19.7
2020-05-01,112,17.7,15.5,21.1
2020-05-02,112,18.6,15.8,21.5
2020-05-03,112,20.1,17.6,25.5
2020-05-04,112,15.9,11.9,20
2020-05-05,112,13.5,11.6,16.8
2020-05-06,112,18.1,11.3,24.5
2020-05-07,112,19.7,15.1,24.9
2020-05-08,112,18.4,14.3,22.9
2020-05-09,112,14.1,12.4,16.9
2020-05-10,112,13.3,12.3,14.8
2020-05-11,112,14.4,11.8,18.4
2020-05-12,112,14.1,10.6,17.8
2020-05-13,112,15.1,11,18.8
2020-05-14,112,19.1,13.6,23.5
2020-05-15,112,16.4,14.6,20.6
2020-05-16,112,15.3,14.3,17
2020-05-17,112,17.1,13.8,21.3
2020-05-18,112,18.1,12.4,26.3
2020-05-19,112,13.3,11.2,17.1
2020-05-20,112,14.2,10.8,18.3
2020-05-21,112,16.1,12,20
2020-05-22,112,17.8,14.8,22.2
2020-05-23,112,18.9,16.3,22.1
2020-05-24,112,15.3,13.1,18.2
2020-05-25,112,14.2,12.8,16.8
2020-05-26,112,14.9,13,19
2020-05-27,112,16.1,12.5,20.1
2020-05-28,112,17.4,13.9,21.3
2020-05-29,112,18.9,14.8,24.1
2020-05-30,112,20.9,16.6,26.8
2020-05-31,112,19.5,17.1,23.8
2020-06-01,112,17.4,14.6,20.3
2020-06-02,112,16.9,13.9,21.8
2020-06-03,112,20.1,16.7,24.3
2020-06-04,112,19,17.9,21.4
2020-06-05,112,20.2,17.3,24.4
2020-06-06,112,21.8,17.4,27.3
2020-06-07,112,19.8,16.4,23.9
2020-06-08,112,22.8,18,27.9
2020-06-09,112,24.6,19.6,30.4
2020-06-10,112,24.1,20.6,29.3
2020-06-11,112,24.3,21.4,29.1
2020-06-12,112,21.6,19.5,24
2020-06-13,112,24.6,19.7,29.7
2020-06-14,112,21.9,19.2,26.3
2020-06-15,112,20.3,18,23.6
2020-06-16,112,21.9,19.2,25.8
2020-06-17,112,21.6,18.6,25.3
2020-06-18,112,21.7,19,24.5
2020-06-19,112,23.2,19.8,28.3
2020-06-20,112,22.7,19.5,26.5
2020-06-21,112,23.8,19.2,28.8
2020-06-22,112,25.7,21.3,31.7
2020-06-23,112,24.3,21.3,27.8
2020-06-24,112,21.9,19.5,25.7
2020-06-25,112,20.3,19.1,21.2
2020-06-26,112,20.3,18.7,23.1
2020-06-27,112,22.7,20.2,26.3
2020-06-28,112,22.7,19.8,26.6
2020-06-29,112,22,18.4,25.4
2020-06-30,112,19.5,18.4,21.8
2020-07-01,112,20.6,18.5,23.1
2020-07-02,112,22.9,20.3,26.8
2020-07-03,112,24.4,20.9,29.2
2020-07-04,112,22.2,20.2,25.4
2020-07-05,112,22.2,19.2,26
2020-07-06,112,24,21.3,27.9
2020-07-07,112,23,21.3,26.2
2020-07-08,112,23.1,20.7,27
2020-07-09,112,25.3,20.3,30.4
2020-07-10,112,24.2,22.1,27.4
2020-07-11,112,25.8,21.3,29.5
2020-07-12,112,23.3,21.4,25.1
2020-07-13,112,18.7,17.8,21.9
2020-07-14,112,19.8,17.4,22.5
2020-07-15,112,22.1,18.8,26
2020-07-16,112,23.3,20.4,26.5
2020-07-17,112,24.3,21.3,27.7
2020-07-18,112,24.3,21.7,27.1
2020-07-19,112,24.4,21.1,27
2020-07-20,112,23.1,21.6,25.8
2020-07-21,112,23.8,21.3,27.5
2020-07-22,112,22.3,21.2,23.7
2020-07-23,112,20.9,18.7,22.4
2020-07-24,112,22.4,18.9,25.9
2020-07-25,112,24.4,22,28.4
2020-07-26,112,24.2,21.5,27.9
2020-07-27,112,23.4,22.4,24.4
2020-07-28,112,24.3,22.9,25.7
2020-07-29,112,24,23.3,24.9
2020-07-30,112,23.7,22.1,25.6
2020-07-31,112,24.9,21.9,28.2
2020-08-01,112,24.4,23.2,25.5
2020-08-02,112,24,22.4,25
2020-08-03,112,24.2,23.6,25.1
2020-08-04,112,25.7,24.6,27.6
2020-08-05,112,26.6,24.6,29.3
2020-08-06,112,23.2,22.2,25.3
2020-08-07,112,23.7,22,25.3
2020-08-08,112,24,23.1,25.9
2020-08-09,112,24.6,23.9,25.5
2020-08-10,112,25.8,24.2,27.4
2020-08-11,112,23.8,21.8,24.9
2020-08-12,112,26.4,23.3,29.4
2020-08-13,112,27,26,29.3
2020-08-14,112,25.9,25.3,26.7
2020-08-15,112,25.2,24.4,26.1
2020-08-16,112,26.2,24.8,28.6
2020-08-17,112,26.8,25,29.5
2020-08-18,112,26.1,24,29.2
2020-08-19,112,26.1,23.6,29.2
2020-08-20,112,26.6,24.5,29.7
2020-08-21,112,26.1,24.3,28.7
2020-08-22,112,25.2,23.4,29
2020-08-23,112,25.4,22.8,28.3
2020-08-24,112,27.2,24.1,29.8
2020-08-25,112,29,26.2,32.2
2020-08-26,112,30,27,33.9
2020-08-27,112,26,24.7,27.7
2020-08-28,112,26.6,25.5,28.7
2020-08-29,112,26.6,25.4,28.5
2020-08-30,112,26.1,24.6,29
2020-08-31,112,26.9,24.4,30.1
2020-09-01,112,26.1,24,29.9
2020-09-02,112,24.2,21.9,25.6
2020-09-03,112,22.4,20,24.9
2020-09-04,112,22.9,20.1,25.6
2020-09-05,112,23.5,20.3,27.1
2020-09-06,112,21.8,19.8,23.4
2020-09-07,112,19.2,16.6,22
2020-09-08,112,23.1,21.3,25.4
2020-09-09,112,20.8,19.3,24
2020-09-10,112,22.6,19.4,25.6
2020-09-11,112,22.7,20.2,26.8
2020-09-12,112,19.8,18.2,22
2020-09-13,112,21.3,17.2,25.2
2020-09-14,112,21.5,18.3,24.3
2020-09-15,112,22.5,19.6,25.5
2020-09-16,112,21.9,20.6,25.3
2020-09-17,112,21.4,20.1,22.9
2020-09-18,112,21.8,19.5,24.7
2020-09-19,112,21.6,18.1,25.1
2020-09-20,112,20.2,17.5,23.5
2020-09-21,112,19.2,15.6,23.4
2020-09-22,112,20.7,16.7,24.5
2020-09-23,112,19.7,16.4,23.3
2020-09-24,112,20.9,17.3,24.6
2020-09-25,112,19.9,16.4,24.4
2020-09-26,112,19.3,15.7,23.9
2020-09-27,112,19.9,15.3,24.4
2020-09-28,112,20.2,16.4,24.1
2020-09-29,112,19.6,16.8,22.7
2020-09-30,112,19.7,17,23.2
2020-10-01,112,19,17,22.2
2020-10-02,112,19.4,17.4,21.8
2020-10-03,112,19.6,17.9,22
2020-10-04,112,16.7,11.8,20.6
2020-10-05,112,14.1,11,17.9
2020-10-06,112,14.6,10.8,18.2
2020-10-07,112,16.1,11.1,21.5
2020-10-08,112,17.4,12,22
2020-10-09,112,17.8,13.4,22.4
2020-10-10,112,16.9,12.5,20
2020-10-11,112,17.4,14.2,21
2020-10-12,112,16.2,13,19.9
2020-10-13,112,14.6,11.6,18
2020-10-14,112,13.6,9,17.3
2020-10-15,112,11.6,7.4,16.2
2020-10-16,112,12.8,10.4,15.3
2020-10-17,112,13.8,10.1,17.4
2020-10-18,112,14.8,9.4,18.9
2020-10-19,112,15.8,12,19.5
2020-10-20,112,15.1,12.1,20
2020-10-21,112,15,13,17.2
2020-10-22,112,13.5,9.9,16.3
2020-10-23,112,9.2,6.6,12.6
2020-10-24,112,10,5.2,13.5
2020-10-25,112,13.7,9.8,17.2
2020-10-26,112,13.9,10.7,17.8
2020-10-27,112,14.5,11,18
2020-10-28,112,13.6,10.1,17
2020-10-29,112,11.1,6.9,14.8
2020-10-30,112,12.4,7.7,17.2
2020-10-31,112,13.9,9.3,17.5
2020-11-01,112,13.6,11.9,15.2
2020-11-02,112,11.5,9,14.8
2020-11-03,112,5.6,3,9.6
2020-11-04,112,6,2.3,10.1
2020-11-05,112,10.3,5,14.7
2020-11-06,112,13.5,10.5,16.5
2020-11-07,112,14.7,13.4,17.1
2020-11-08,112,8.8,5.1,13.7
2020-11-09,112,6.1,3.3,8.8
2020-11-10,112,8.4,4.9,11.9
2020-11-11,112,9.6,6,14.4
2020-11-12,112,10.9,6.1,15.9
2020-11-13,112,12.3,9.5,16
2020-11-14,112,12.4,7.5,18.1
2020-11-15,112,11.3,9.3,14
2020-11-16,112,12.2,9,15.9
2020-11-17,112,15.9,12.1,18.8
2020-11-18,112,17.3,15.3,19
2020-11-19,112,12.9,7,19.4
2020-11-20,112,2.9,0.6,7
2020-11-21,112,6.1,-0.2,12.1
2020-11-22,112,5.6,2,9.3
2020-11-23,112,1.8,-0.9,4.5
2020-11-24,112,3.4,1,6.6
2020-11-25,112,5.5,1.4,9.6
2020-11-26,112,5.6,2.7,8.6
2020-11-27,112,4.2,1.3,6.1
2020-11-28,112,-0.1,-1.6,1.8
2020-11-29,112,0,-2.7,2.5
2020-11-30,112,0.4,-2.1,3.3
2020-12-01,112,1.2,-2.2,5
2020-12-02,112,2.6,0.6,5.3
2020-12-03,112,1,-1.7,3.1
2020-12-04,112,0.3,-2.8,4
2020-12-05,112,3.3,-0.1,6.1
2020-12-06,112,5.8,3.1,9
2020-12-07,112,3.8,0.1,7.5
2020-12-08,112,-0.2,-2.9,3
2020-12-09,112,2.3,-2.8,6.1
2020-12-10,112,6,3.5,9.5
2020-12-11,112,6,4,9.2
2020-12-12,112,3,0.9,5.3
2020-12-13,112,-0.6,-5.5,3.1
2020-12-14,112,-7.1,-8.8,-5.1
2020-12-15,112,-7.3,-9.6,-4.6
2020-12-16,112,-7.2,-9.4,-4
2020-12-17,112,-4.2,-9.8,0.4
2020-12-18,112,-1.6,-5.4,0.8
2020-12-19,112,-4.6,-8.1,-1.4
2020-12-20,112,-2.7,-6.3,0.6
2020-12-21,112,0.1,-3.8,4
2020-12-22,112,3.3,-0.2,6.9
2020-12-23,112,5.3,1.8,8.3
2020-12-24,112,2.7,-1.2,7
2020-12-25,112,-0.2,-3.7,2.8
2020-12-26,112,3.5,0.2,7.2
2020-12-27,112,6.5,3.1,10.2
2020-12-28,112,5.8,3.8,9
2020-12-29,112,-0.2,-6.6,3.8
2020-12-30,112,-10.6,-11.9,-6.6
2020-12-31,112,-8.3,-11.6,-5.4
2021-01-01,112,-3.4,-8.2,1.3
2021-01-02,112,-4.7,-7.4,-1.9
2021-01-03,112,-4.9,-7.7,-2.2
2021-01-04,112,-3,-6.8,0.3
2021-01-05,112,-5.6,-9.4,-2.4
2021-01-06,112,-7.1,-10.5,-2
2021-01-07,112,-14,-15.4,-9.1
2021-01-08,112,-14.5,-17.5,-10.9
2021-01-09,112,-11.6,-15.2,-7.9
2021-01-10,112,-7.2,-11.7,-3.3
2021-01-11,112,-6,-8.6,-3.7
2021-01-12,112,-2.8,-6.8,0.6
2021-01-13,112,2.4,-1.5,7.7
2021-01-14,112,2.4,-2.7,7.1
2021-01-15,112,4.5,-2,9.4
2021-01-16,112,-5.3,-8.2,-2
2021-01-17,112,-5.1,-9.1,-1.8
2021-01-18,112,-3.1,-9,0.5
2021-01-19,112,-6.7,-11.3,-2
2021-01-20,112,1,-5.7,7.2
2021-01-21,112,4.9,3.4,7.5
2021-01-22,112,4.8,2.8,6.1
2021-01-23,112,7.1,3.7,10.9
2021-01-24,112,7.1,2.7,11.2
2021-01-25,112,7.3,5,12.6
2021-01-26,112,4.6,1.7,7
2021-01-27,112,1.5,-0.4,5
2021-01-28,112,-2.6,-8.9,1.4
2021-01-29,112,-8.3,-10.8,-5.8
2021-01-30,112,-0.3,-6.6,4.8
2021-01-31,112,4.9,-2,10.1
2021-02-01,112,4.5,-2.6,8.5
2021-02-02,112,-5.6,-7.6,-2.6
2021-02-03,112,-2.8,-8.9,1
2021-02-04,112,-3.6,-6.3,0.8
2021-02-05,112,1.9,-2.7,6.8
2021-02-06,112,5.9,3.1,7.7
2021-02-07,112,2,-2.3,5.7
2021-02-08,112,-3,-5.1,-0.5
2021-02-09,112,-0.6,-4.5,3.4
2021-02-10,112,3,-0.5,6.7
2021-02-11,112,4.7,2.5,8.9
2021-02-12,112,5.2,0.4,11.4
2021-02-13,112,4.8,-1.4,10.5
2021-02-14,112,7.3,4.6,10.9
2021-02-15,112,0.1,-4.4,5.2
2021-02-16,112,-4.9,-6.6,-2.1
2021-02-17,112,-8.2,-9.8,-5.9
2021-02-18,112,-5.3,-9.7,-0.9
2021-02-19,112,2,-5.7,7.6
2021-02-20,112,7.1,4.6,10.7
2021-02-21,112,10.1,6.2,14.9
2021-02-22,112,6.4,-0.2,10.7
2021-02-23,112,-0.6,-3,2.7
2021-02-24,112,0.9,-2.6,6.8
2021-02-25,112,3.2,0,6.2
2021-02-26,112,7.4,0.6,14.8
2021-02-27,112,9.2,3.2,15.5
2021-02-28,112,7,3.6,9.7
2021-03-01,112,3.9,-0.2,7.5
2021-03-02,112,1.9,-0.5,5.6
2021-03-03,112,3.8,0.3,7.7
2021-03-04,112,7.7,3.4,12.5
2021-03-05,112,8,3.7,13.5
2021-03-06,112,6.7,4.5,11.4
2021-03-07,112,5.5,3,10.1
2021-03-08,112,5.3,1.8,10.1
2021-03-09,112,5.6,2.2,10.5
2021-03-10,112,7,2.6,13.6
2021-03-11,112,8,3.4,13.2
2021-03-12,112,9.7,7.1,13.6
2021-03-13,112,7.8,4.8,12.7
2021-03-14,112,5.7,4.3,9.6
2021-03-15,112,9.2,4.6,14
2021-03-16,112,7.4,4.2,11.1
2021-03-17,112,7.1,2.6,12.8
2021-03-18,112,9.2,4.5,15.2
2021-03-19,112,12.3,7.8,17.6
2021-03-20,112,8.6,5.8,12
2021-03-21,112,5.4,3.4,7.7
2021-03-22,112,5.8,2.9,9.5
2021-03-23,112,7.9,3.7,12.1
2021-03-24,112,9.9,6.8,13.7
2021-03-25,112,8.9,4.4,14.2
2021-03-26,112,10.6,4.2,16.5
2021-03-27,112,12.1,10.1,14.1
2021-03-28,112,8,6.9,12.8
2021-03-29,112,8.4,6.4,11.7
2021-03-30,112,9.5,4.7,15.4
2021-03-31,112,12.7,6.6,19
2021-04-01,112,17.8,11.7,23
2021-04-02,112,17.1,13.8,20.7
2021-04-03,112,14.1,10.2,18.2
2021-04-04,112,11.4,9,15.6
2021-04-05,112,11.1,7.6,15.8
2021-04-06,112,11.6,8.5,15
2021-04-07,112,12.1,7.8,16.7
2021-04-08,112,12,8.2,16.4
2021-04-09,112,12.5,7.5,17.5
2021-04-10,112,11.7,8.2,15.6
2021-04-11,112,13.8,8.2,19.2
2021-04-12,112,13.2,11.1,17.5
2021-04-13,112,9.6,5.8,11.4
2021-04-14,112,8,4.9,11
2021-04-15,112,9.8,6.7,14.2
2021-04-16,112,10.7,8.4,13.2
2021-04-17,112,9.5,7.2,12.5
2021-04-18,112,9.4,6.6,13.6
2021-04-19,112,10.9,6.7,15.2
2021-04-20,112,13.1,8.8,18.1
2021-04-21,112,16.9,10.4,24.8
2021-04-22,112,19,14.5,24.1
2021-04-23,112,19.4,16.6,22.5
2021-04-24,112,17.1,13.1,21.2
2021-04-25,112,17.4,12.2,22.5
2021-04-26,112,15,12.3,19.1
2021-04-27,112,13.7,11.9,17.1
2021-04-28,112,12,9.8,14.6
2021-04-29,112,14.1,10.8,19.1
2021-04-30,112,10.6,8.7,13.6
2021-05-01,112,10.5,8.5,13.4
2021-05-02,112,11.8,7.7,16.4
2021-05-03,112,12.7,9.1,17.4
2021-05-04,112,14,11.5,17.1
2021-05-05,112,12.6,10.3,15.4
2021-05-06,112,15.5,10,20.2
2021-05-07,112,13.8,10.6,16.3
2021-05-08,112,13.6,10.1,18.1
2021-05-09,112,14.8,10.9,20.3
2021-05-10,112,12.4,11,13.6
2021-05-11,112,18.6,11.4,24.6
2021-05-12,112,20.8,16.6,25.8
2021-05-13,112,20.9,15.7,26.4
2021-05-14,112,21.1,15.9,28
2021-05-15,112,20.6,17.3,24.7
2021-05-16,112,17.5,13.9,20.9
2021-05-17,112,14.4,12.8,17.6
2021-05-18,112,16.4,13.6,20.3
2021-05-19,112,18.2,13.1,22.9
2021-05-20,112,18.2,14.8,22.4
2021-05-21,112,15.3,13.4,17.9
2021-05-22,112,16.7,13.5,20.6
2021-05-23,112,18,14.1,22
2021-05-24,112,17.1,14.3,21.8
2021-05-25,112,14.5,12,17.3
2021-05-26,112,17.4,12.6,22.2
2021-05-27,112,15.3,13.6,18.2
2021-05-28,112,15,11.7,19
2021-05-29,112,15.6,13.9,18.1
2021-05-30,112,18.5,12.7,25
2021-05-31,112,19.3,16.3,22.9
2021-06-01,112,19.7,15.6,22.3
2021-06-02,112,22.4,17.5,27.4
2021-06-03,112,18.5,14.1,21.9
2021-06-04,112,17,13.6,20
2021-06-05,112,19,16.9,21.9
2021-06-06,112,20.7,17.8,24.3
2021-06-07,112,20.5,18.7,23.2
2021-06-08,112,21.5,19.4,24.4
2021-06-09,112,24.6,19.4,29.5
2021-06-10,112,23.8,19.5,28
2021-06-11,112,19.8,17.7,22.6
2021-06-12,112,22.3,18.7,27.3
2021-06-13,112,19.9,17.1,24.1
2021-06-14,112,20,15.9,25
2021-06-15,112,21.9,19.3,24.6
2021-06-16,112,24.6,20.2,28.8
2021-06-17,112,21.2,19,23.4
2021-06-18,112,18.8,18.4,19.8
2021-06-19,112,20.5,17.7,23.8
2021-06-20,112,21.3,18.2,26
2021-06-21,112,21.3,18.7,24.8
2021-06-22,112,22.6,19.4,25.7
2021-06-23,112,22.5,19.8,26
2021-06-24,112,22.3,19.5,26
2021-06-25,112,22.5,19.1,26.2
2021-06-26,112,22.7,20.7,25.6
2021-06-27,112,24.6,20.5,29.8
2021-06-28,112,24.4,22.2,29.5
2021-06-29,112,24.2,22,27.9
2021-06-30,112,24.2,21.5,28
2021-07-01,112,25.6,21.8,29.3
2021-07-02,112,27.4,24.2,31.2
2021-07-03,112,23.5,20.4,26.6
2021-07-04,112,21.1,19.6,22.4
2021-07-05,112,22.3,19.8,25.5
2021-07-06,112,24.1,21.2,27.1
2021-07-07,112,25,22.9,27.2
2021-07-08,112,24.3,22.8,26.6
2021-07-09,112,24.4,22.9,27.3
2021-07-10,112,24.5,22.2,26.8
2021-07-11,112,24.6,23.9,25.9
2021-07-12,112,26.7,24.3,30.5
2021-07-13,112,28,26,29.8
2021-07-14,112,28.6,26.5,31.5
2021-07-15,112,28.5,26.2,31.2
2021-07-16,112,27.9,24.1,33
2021-07-17,112,27.4,24.7,31
2021-07-18,112,28.1,25.3,31.3
2021-07-19,112,27.7,25.4,29.9
2021-07-20,112,28.6,25.3,31.6
2021-07-21,112,30.1,26.1,33.9
2021-07-22,112,30,27.1,33.5
2021-07-23,112,29.8,27.1,33.4
2021-07-24,112,30.6,27.4,34.3
2021-07-25,112,30.4,27.5,34.5
2021-07-26,112,29.9,27.1,33.3
2021-07-27,112,30,27.3,33.4
2021-07-28,112,29.3,27,32.9
2021-07-29,112,28.6,26,32
2021-07-30,112,28.9,25.9,32.8
2021-07-31,112,28.2,26,31.2
2021-08-01,112,26.7,24.8,28.3
2021-08-02,112,25.7,24.6,27.4
2021-08-03,112,27.6,24.7,30.2
2021-08-04,112,28.1,26.4,30.7
2021-08-05,112,28.8,26.1,32.3
2021-08-06,112,27.3,24.8,31.3
2021-08-07,112,27.2,23,31.1
2021-08-08,112,26.2,24.5,31.2
2021-08-09,112,28,23.5,32.5
2021-08-10,112,27.2,24.8,29.5
2021-08-11,112,26.5,23.5,30.1
2021-08-12,112,27.1,24.4,30.2
2021-08-13,112,26.9,24.4,29.5
2021-08-14,112,26.5,24.2,30
2021-08-15,112,26.9,22.6,30.7
2021-08-16,112,26.6,22,30.6
2021-08-17,112,24.8,21.3,30.4
2021-08-18,112,23.7,20.7,28.7
2021-08-19,112,25.6,20.7,29.3
2021-08-20,112,25.6,21.8,29.2
2021-08-21,112,23.7,20.9,25.2
2021-08-22,112,24.4,23.2,26
2021-08-23,112,22.6,20.4,24.5
2021-08-24,112,23.7,21,26.4
2021-08-25,112,24.9,23.9,26.8
2021-08-26,112,25,23.3,27.5
2021-08-27,112,22.3,21.3,24.5
2021-08-28,112,23.4,20.9,26.2
2021-08-29,112,23.1,20.9,25.4
2021-08-30,112,24,22.1,26.5
2021-08-31,112,20.4,18,23.4
2021-09-01,112,21.2,18.8,23.7
2021-09-02,112,23.2,21.3,25.5
2021-09-03,112,24.3,21.3,28.3
2021-09-04,112,23.8,19.6,26.9
2021-09-05,112,23.4,20.3,26.5
2021-09-06,112,21.8,17.4,25.2
2021-09-07,112,20,17.7,22.7
2021-09-08,112,22.2,19.1,25.8
2021-09-09,112,23,20.3,26.7
2021-09-10,112,23.6,21.2,27.1
2021-09-11,112,23.7,21.1,27.3
2021-09-12,112,23.8,20.1,28.2
2021-09-13,112,25,21.5,29.4
2021-09-14,112,25.2,21.6,29
2021-09-15,112,24,19.6,28.5
2021-09-16,112,23.4,19.3,27.2
2021-09-17,112,23.8,20.2,28
2021-09-18,112,23.8,19.6,27.6
2021-09-19,112,24.2,22,27.6
2021-09-20,112,23.8,20.2,27.7
2021-09-21,112,21.8,18.1,24.8
2021-09-22,112,20.8,18.1,23.3
2021-09-23,112,21.4,18.2,25
2021-09-24,112,22.3,17.5,26.4
2021-09-25,112,21.7,19.6,23.3
2021-09-26,112,22.9,20,26.4
2021-09-27,112,21.9,19.7,24.3
2021-09-28,112,21.3,19.9,23.5
2021-09-29,112,20.2,18.4,21.6
2021-09-30,112,20.8,16.9,24.6
2021-10-01,112,21.2,17.4,25.4
2021-10-02,112,21.3,17.4,24.6
2021-10-03,112,22.7,18.5,26.9
2021-10-04,112,23.5,21.6,25.3
2021-10-05,112,23.2,20.9,25.4
2021-10-06,112,19.6,18.4,21.5
2021-10-07,112,19.5,18.6,21.2
2021-10-08,112,19.3,18.2,20.3
2021-10-09,112,21.6,19.4,24.5
2021-10-10,112,19.8,14.7,23.7
2021-10-11,112,15,12.2,17
2021-10-12,112,17.9,15.2,20.3
2021-10-13,112,19.5,14.1,24.5
2021-10-14,112,19.9,17.5,22.5
2021-10-15,112,18.7,16.6,21.3
2021-10-16,112,10.5,5.4,17.6
2021-10-17,112,5.9,1.4,10.2
2021-10-18,112,10.3,4.2,15.3
2021-10-19,112,11,7.5,14.4
2021-10-20,112,9.3,5.2,14.3
2021-10-21,112,9.9,5.5,14.1
2021-10-22,112,11.5,6.5,16.1
2021-10-23,112,12.5,7.6,17.1
2021-10-24,112,12.6,8.2,16.6
2021-10-25,112,12.9,9.1,16.9
2021-10-26,112,14.4,10.5,17.9
2021-10-27,112,14.4,11.2,17.2
2021-10-28,112,13.7,9.3,18.3
2021-10-29,112,15.5,11.8,20.4
2021-10-30,112,15.1,12.5,18.9
2021-10-31,112,15,11.5,18.9
2021-11-01,112,13,10.9,15.8
2021-11-02,112,11.7,9.4,15.2
2021-11-03,112,12.3,8.2,15.8
2021-11-04,112,12.6,10,16.4
2021-11-05,112,13.9,10,18.7
2021-11-06,112,15.4,11.5,20.7
2021-11-07,112,16.4,12.4,21.1
2021-11-08,112,8.5,4.9,16.3
2021-11-09,112,5,3.2,6.7
2021-11-10,112,4.7,1.5,7.3
2021-11-11,112,6.3,3.7,9.4
2021-11-12,112,5.3,3.1,8.6
2021-11-13,112,9.2,2.9,14.4
2021-11-14,112,12.2,9.5,15.7
2021-11-15,112,11.1,7.8,15.2
2021-11-16,112,8.7,5.2,12.9
2021-11-17,112,7.8,3.5,11.3
2021-11-18,112,12,8.2,15.5
2021-11-19,112,13.1,10.2,16.3
2021-11-20,112,9.9,7.8,13.3
2021-11-21,112,10.5,7.2,12.8
2021-11-22,112,3.2,-0.1,7.6
2021-11-23,112,-0.1,-3.1,2.5
2021-11-24,112,5.7,-1.6,10.6
2021-11-25,112,6.9,3.7,10.7
2021-11-26,112,3.9,1.5,7.7
2021-11-27,112,3.5,-0.4,7.1
2021-11-28,112,5.8,0.7,11.1
2021-11-29,112,8.6,4.7,12.6
2021-11-30,112,6.3,1.1,9.8
2021-12-01,112,-0.7,-1.8,1.1
2021-12-02,112,3.4,-3.2,7.9
2021-12-03,112,2.6,0.1,8.1
2021-12-04,112,2.3,-1.1,7.4
2021-12-05,112,3.4,-1.4,8.2
2021-12-06,112,6.3,1.7,10.9
2021-12-07,112,7,3.5,10.8
2021-12-08,112,6.5,2.9,10.8
2021-12-09,112,7.7,4.8,10.5
2021-12-10,112,7.9,6.6,9.5
2021-12-11,112,5.7,4,7.8
2021-12-12,112,1.3,-3,5.6
2021-12-13,112,-1.8,-5.1,1.2
2021-12-14,112,4.7,0,8.3
2021-12-15,112,8.4,6.2,10.8
2021-12-16,112,6.4,2.7,10.3
2021-12-17,112,-5.4,-8.9,2.7
2021-12-18,112,-3.5,-9.5,3.6
2021-12-19,112,1.5,-3.4,5.8
2021-12-20,112,6.9,2.5,10.4
2021-12-21,112,5.2,1,7.5
2021-12-22,112,1.7,-1.7,5.9
2021-12-23,112,3,-0.7,6.8
2021-12-24,112,-0.8,-7.8,3.5
2021-12-25,112,-11.5,-13.5,-7.8
2021-12-26,112,-11.3,-14.3,-7.8
2021-12-27,112,-6.8,-11.7,-3.6
2021-12-28,112,-2.2,-6,1
2021-12-29,112,1.3,-2.1,6.1
2021-12-30,112,-3.5,-5.6,-0.9
2021-12-31,112,-6.5,-8,-4.6
2022-01-01,112,-3.4,-8.3,1.1
2022-01-02,112,-1.2,-4.8,1.3
2022-01-03,112,-1.9,-7.6,2.2
2022-01-04,112,-2.9,-5.8,0.6
2022-01-05,112,-3.2,-7.3,0.2
2022-01-06,112,-2,-4.6,2
2022-01-07,112,-1.7,-4.9,2.9
2022-01-08,112,1.6,-3.3,4.6
2022-01-09,112,0.5,-1.5,4.1
2022-01-10,112,-0.1,-3,2.8
2022-01-11,112,-7.5,-9.6,-0.9
2022-01-12,112,-6.9,-10.3,-4.6
2022-01-13,112,-5.6,-7.1,-3.6
2022-01-14,112,-4.7,-8.6,-0.7
2022-01-15,112,-0.1,-3.9,2.6
2022-01-16,112,-2.7,-6.8,2.9
2022-01-17,112,-5,-7.8,-1.4
2022-01-18,112,-5.2,-8.4,-1.4
2022-01-19,112,-4.7,-7.3,-2.5
2022-01-20,112,-5.4,-9.5,-0.8
2022-01-21,112,-3.1,-7.6,2.7
2022-01-22,112,-0.7,-4.8,4.3
2022-01-23,112,1.1,-1,4.8
2022-01-24,112,4.5,-0.4,9.2
2022-01-25,112,3.2,1.2,5.8
2022-01-26,112,0.9,-1.8,4.8
2022-01-27,112,-1.6,-4.5,2
2022-01-28,112,-2.7,-5,0.8
2022-01-29,112,-3.5,-6.4,-0.1
2022-01-30,112,-2.9,-7,1.9
2022-01-31,112,-0.3,-5.5,3.9
2022-02-01,112,-1.4,-3.7,0.9
2022-02-02,112,-3,-4.9,-1.1
2022-02-03,112,-3.4,-6,-0.7
2022-02-04,112,-4.8,-7.5,-1.7
2022-02-05,112,-6,-8.4,-3.1
2022-02-06,112,-2.9,-6.1,0.3
2022-02-07,112,-1.9,-5.7,0.8
2022-02-08,112,0.2,-2,4.6
2022-02-09,112,0.4,-3.2,4.9
2022-02-10,112,1.3,-1.8,6
2022-02-11,112,2.3,-1.6,7.3
2022-02-12,112,3.5,0,7.6
2022-02-13,112,3.7,1.1,7.4
2022-02-14,112,1.4,-1.7,6.4
2022-02-15,112,-5.2,-7.4,-1.7
2022-02-16,112,-7.2,-8.8,-4.9
2022-02-17,112,-6.4,-9.7,-2.7
2022-02-18,112,-1.9,-7.5,2.9
2022-02-19,112,-1.7,-5.5,3.1
2022-02-20,112,-4.7,-7.8,-1.4
2022-02-21,112,-2.4,-6.5,3
2022-02-22,112,-4.4,-7.2,-1.3
2022-02-23,112,-5.3,-8.2,-1.5
2022-02-24,112,-1.6,-7.3,1.9
2022-02-25,112,2.9,-1.9,6.8
2022-02-26,112,4.1,1.4,7
2022-02-27,112,3.4,-0.5,6.9
2022-02-28,112,5.6,2.1,10
2022-03-01,112,4.8,-0.1,8.2
2022-03-02,112,3,-1,6.4
2022-03-03,112,5.1,1.4,9.4
2022-03-04,112,6.4,2.8,12.7
2022-03-05,112,2,0,5.2
2022-03-06,112,1.3,-0.9,4.8
2022-03-07,112,2.1,-1.9,6.7
2022-03-08,112,4.9,1.4,9.4
2022-03-09,112,5.8,3.2,11
2022-03-10,112,7.3,2.9,12.6
2022-03-11,112,10.1,5.1,16.1
2022-03-12,112,11,6.8,16.8
2022-03-13,112,10,8.4,11.8
2022-03-14,112,6.8,3.5,11.5
2022-03-15,112,5.1,1.6,9.4
2022-03-16,112,8,3,13.2
2022-03-17,112,9.4,6.8,13.4
2022-03-18,112,7.8,6.4,9.3
2022-03-19,112,3.6,1.5,6.4
2022-03-20,112,4.5,1.9,7.3
2022-03-21,112,4.2,0.4,8.3
2022-03-22,112,5.9,2.2,10.6
2022-03-23,112,5.1,4.1,6
2022-03-24,112,7.2,3.9,10.5
2022-03-25,112,12.3,7.4,17.2
2022-03-26,112,10.2,7.2,14.4
2022-03-27,112,7.3,4.7,11
2022-03-28,112,6.8,2.7,11.7
2022-03-29,112,9.3,3.2,14.1
2022-03-30,112,10.4,7.3,16
2022-03-31,112,10.1,7,13.4
2022-04-01,112,8.1,4.8,12.4
2022-04-02,112,6.8,3.6,11.4
2022-04-03,112,8.5,4.1,14.1
2022-04-04,112,8.8,5.2,14.2
2022-04-05,112,8.9,4.9,13.5
2022-04-06,112,10.2,7.6,14.9
2022-04-07,112,9.2,6.8,12.8
2022-04-08,112,11.7,5.8,16.5
2022-04-09,112,16.3,13.2,20.1
2022-04-10,112,16.7,13.7,21.5
2022-04-11,112,18.5,14.3,23.1
2022-04-12,112,15.6,11.6,20.7
2022-04-13,112,11.8,11,13.3
2022-04-14,112,12.4,10.9,15.2
2022-04-15,112,12,7.8,16.2
2022-04-16,112,11.1,7.6,16.6
2022-04-17,112,10.7,7,15.4
2022-04-18,112,12.3,9.7,16.8
2022-04-19,112,11.9,8.5,16.8
2022-04-20,112,12.9,9.1,18.1
2022-04-21,112,14.3,10.3,19.4
2022-04-22,112,12.5,9.5,14.4
2022-04-23,112,14.7,9,21.6
2022-04-24,112,15.5,12.3,19.8
2022-04-25,112,18.3,15.1,21.6
2022-04-26,112,19.9,16.3,25.2
2022-04-27,112,15.4,12.2,20.3
2022-04-28,112,16,11.1,21.8
2022-04-29,112,12.9,10.2,16
2022-04-30,112,12.1,10.1,16
2022-05-01,112,11.9,8.3,16
2022-05-02,112,13.3,9,17.2
2022-05-03,112,13.1,9,17.3
2022-05-04,112,16.3,11.3,21.5
2022-05-05,112,17.2,13.3,21.8
2022-05-06,112,18.3,14.5,23.2
2022-05-07,112,16.6,13.3,22
2022-05-08,112,15.2,11.8,17.5
2022-05-09,112,16.1,10.9,22.6
2022-05-10,112,18.8,14.4,23.7
2022-05-11,112,16.8,14.2,20.7
2022-05-12,112,18.6,13.8,24.4
2022-05-13,112,18,14.3,23.4
2022-05-14,112,14.4,12.1,16.7
2022-05-15,112,14.8,10.8,19.5
2022-05-16,112,15.4,11.4,19.7
2022-05-17,112,17.4,13.4,22.4
2022-05-18,112,18.3,15.2,22.2
2022-05-19,112,17.7,15.3,20.5
2022-05-20,112,18.4,15.2,22.3
2022-05-21,112,17.1,14.5,20.1
2022-05-22,112,17.3,13.9,20.8
2022-05-23,112,19.5,16.3,24.2
2022-05-24,112,20.1,15.7,25.9
2022-05-25,112,17.9,15.4,21.7
2022-05-26,112,16.5,13.7,19.9
2022-05-27,112,17.5,14.5,20.3
2022-05-28,112,19.8,15.1,25.2
2022-05-29,112,20,17.1,24.9
2022-05-30,112,18.9,16.5,21.6
2022-05-31,112,18.7,14.2,22.8
2022-06-01,112,20.4,16.5,25.4
2022-06-02,112,19.5,16.6,23.5
2022-06-03,112,21.3,18.4,26
2022-06-04,112,22.8,17.9,26.9
2022-06-05,112,21.9,20.3,25.5
2022-06-06,112,19.6,16.5,23.6
2022-06-07,112,19.9,15.5,24.7
2022-06-08,112,19.9,17.2,23.7
2022-06-09,112,20.1,17.7,24.2
2022-06-10,112,20,17.6,24.3
2022-06-11,112,23.9,17.7,29.2
2022-06-12,112,22.9,19.9,27.5
2022-06-13,112,22.7,18.9,28.9
2022-06-14,112,21.8,18.2,27.6
2022-06-15,112,17.3,14.9,20
2022-06-16,112,19.2,17,22.3
2022-06-17,112,21.2,17.3,25.1
2022-06-18,112,22,20.5,24.5
2022-06-19,112,22.4,21.2,24.3
2022-06-20,112,23.4,21,27.6
2022-06-21,112,23.2,19.6,27.8
2022-06-22,112,22.9,20.4,26.6
2022-06-23,112,22.3,20.4,25.2
2022-06-24,112,20.8,19.3,22.8
2022-06-25,112,23.7,19.9,26.4
2022-06-26,112,25.1,23.5,26.6
2022-06-27,112,25.8,24.5,27.3
2022-06-28,112,25.1,24.1,26.3
2022-06-29,112,23.7,23.1,24.5
2022-06-30,112,22.6,21.2,24.4
2022-07-01,112,25.6,23.6,28.1
2022-07-02,112,26.5,23.4,30.6
2022-07-03,112,27.1,23,31.3
2022-07-04,112,27.3,24.3,30.9
2022-07-05,112,27.3,24.4,31.1
2022-07-06,112,29,25.2,33.2
2022-07-07,112,27.6,25,30
2022-07-08,112,24.4,23.4,26.8
2022-07-09,112,25.3,22.7,28.5
2022-07-10,112,26.7,23.7,31
2022-07-11,112,26.7,24.3,29.2
2022-07-12,112,26.7,24.4,29.2
2022-07-13,112,24.4,23.5,27.2
2022-07-14,112,24,22.2,27.7
2022-07-15,112,24.3,22.1,27
2022-07-16,112,24.4,22.9,27.4
2022-07-17,112,24.6,22.6,27.3
2022-07-18,112,25.9,23.6,30
2022-07-19,112,25.8,24,28.4
2022-07-20,112,25.8,24.2,28.7
2022-07-21,112,23.2,20,26.8
2022-07-22,112,24.8,23.1,26.9
2022-07-23,112,24.2,22.5,26.7
2022-07-24,112,24.5,22.4,27.4
2022-07-25,112,25.8,22.5,29.5
2022-07-26,112,27.5,24.1,31.5
2022-07-27,112,27.8,25.1,31.2
2022-07-28,112,28.4,25.1,32.4
2022-07-29,112,29.3,26.9,32.8
2022-07-30,112,31.1,27.8,35.2
2022-07-31,112,27.2,25.2,29.6
2022-08-01,112,27.7,24.9,31.3
2022-08-02,112,25.5,24.5,26.3
2022-08-03,112,26.3,24.7,28.1
2022-08-04,112,27.3,25.3,30
2022-08-05,112,27.8,26.3,30
2022-08-06,112,27.7,26.6,30.1
2022-08-07,112,28.1,26.9,30
2022-08-08,112,26.2,24.4,27.8
2022-08-09,112,24.2,21,26
2022-08-10,112,22.7,20.2,25
2022-08-11,112,23.5,21.6,25.2
2022-08-12,112,25.1,22.3,28.1
2022-08-13,112,24.6,23.2,26.2
2022-08-14,112,26.8,24.3,30
2022-08-15,112,27.2,25.6,29
2022-08-16,112,25,23,27.6
2022-08-17,112,25.2,22.8,28
2022-08-18,112,25,22.9,27.6
2022-08-19,112,25.7,23.6,27.5
2022-08-20,112,26.7,24.2,29.5
2022-08-21,112,27,24.7,30.1
2022-08-22,112,26.2,23.7,28.6
2022-08-23,112,24.4,22,27.9
2022-08-24,112,24.5,21.6,27.7
2022-08-25,112,22.4,21.2,23.5
2022-08-26,112,23.7,21,26.5
2022-08-27,112,21.4,18.5,24.6
2022-08-28,112,22.4,16.9,27
2022-08-29,112,20.8,19.1,22.5
2022-08-30,112,19,18,20.6
2022-08-31,112,21.5,18.8,24.9
2022-09-01,112,23.9,19.6,28.3
2022-09-02,112,25.1,21.4,29
2022-09-03,112,24.5,21.2,28.8
2022-09-04,112,22.9,22.1,24.9
2022-09-05,112,18.5,17.3,22.1
2022-09-06,112,20.9,16.6,25.2
2022-09-07,112,22.6,19,25.9
2022-09-08,112,22.4,18.7,26.8
2022-09-09,112,24.1,19.3,28.7
2022-09-10,112,23.7,20.3,28.1
2022-09-11,112,22.7,21.2,26
2022-09-12,112,23.2,20,26.3
2022-09-13,112,24.3,21.6,27
2022-09-14,112,24.4,22.3,27.8
2022-09-15,112,25.6,22.3,28.1
2022-09-16,112,25.3,22.5,29.5
2022-09-17,112,24.5,22.4,28.2
2022-09-18,112,25.8,22,30.7
2022-09-19,112,23.2,18.6,27.8
2022-09-20,112,19.1,15.3,23.6
2022-09-21,112,18.6,13.2,23.3
2022-09-22,112,19.7,15.4,23.4
2022-09-23,112,17.8,14.8,21.2
2022-09-24,112,18.7,13.6,23.1
2022-09-25,112,20,17,24
2022-09-26,112,19.8,16.6,24.5
2022-09-27,112,20.4,15.9,25.8
2022-09-28,112,20.1,17.2,24.5
2022-09-29,112,19.7,16.7,23.7
2022-09-30,112,19.8,16.5,25
2022-10-01,112,19.6,15.4,22.8
2022-10-02,112,20,17.6,23.2
2022-10-03,112,21.9,19.2,22.8
2022-10-04,112,17,12.6,22.2
2022-10-05,112,15.5,12.3,18.8
2022-10-06,112,15.5,11.9,19.2
2022-10-07,112,13.6,10.7,17.2
2022-10-08,112,16.2,11.6,21.3
2022-10-09,112,12.9,11.2,15.4
2022-10-10,112,9.8,8.5,11.8
2022-10-11,112,11.1,7.2,15.8
2022-10-12,112,13.7,7.8,19.3
2022-10-13,112,16.6,12.3,21.7
2022-10-14,112,16.6,13.5,21.2
2022-10-15,112,17.2,13.1,21.9
2022-10-16,112,16.3,14.8,19.2
2022-10-17,112,10.9,8.9,15.1
2022-10-18,112,9.6,6.7,13.2
2022-10-19,112,11.5,6.4,15.9
2022-10-20,112,13.3,8.4,17.8
2022-10-21,112,14,10,18.5
2022-10-22,112,15,11.7,19
2022-10-23,112,13.2,10.5,17.2
2022-10-24,112,10.1,7.4,13.2
2022-10-25,112,11,6,17
2022-10-26,112,12.8,8.6,17.2
2022-10-27,112,13,9.2,17.8
2022-10-28,112,12.8,8.5,17.8
2022-10-29,112,14.7,11,19.6
2022-10-30,112,14.9,11.6,20.4
2022-10-31,112,14.8,11.9,18.4
2022-11-01,112,13.2,9.6,16.7
2022-11-02,112,10.8,6.6,15.7
2022-11-03,112,9.4,5.9,12.4
2022-11-04,112,5,1.8,8.8
2022-11-05,112,8,2.5,12.6
2022-11-06,112,10.4,5.6,15.5
2022-11-07,112,11.7,7.2,15.7
2022-11-08,112,12.6,10.5,16.8
2022-11-09,112,11.4,8.3,14.4
2022-11-10,112,13,9.4,17.5
2022-11-11,112,15.5,12.3,21
2022-11-12,112,16.3,13.2,21.4
2022-11-13,112,9.5,8.5,14.4
2022-11-14,112,9.3,5.7,12.1
2022-11-15,112,8.6,5.2,12.1
2022-11-16,112,9.4,6.4,12.6
2022-11-17,112,11.1,7.4,15.3
2022-11-18,112,11.5,7.6,15.9
2022-11-19,112,13.5,9.5,18.8
2022-11-20,112,13.6,11,17.3
2022-11-21,112,12.3,10.4,15.6
2022-11-22,112,10.2,8.1,11.9
2022-11-23,112,10.3,8,13.3
2022-11-24,112,10,7.4,13.8
2022-11-25,112,12.4,8.7,16.1
2022-11-26,112,6.5,0.9,12.7
2022-11-27,112,6,-0.5,11.1
2022-11-28,112,13,7.6,16.4
2022-11-29,112,5.8,-1.6,14.6
2022-11-30,112,-5.6,-7.4,-1.6
2022-12-01,112,-5.3,-8.7,-2.1
2022-12-02,112,-2.3,-6.8,1.4
2022-12-03,112,2.7,-0.6,7
2022-12-04,112,-3.8,-5.1,-0.6
2022-12-05,112,-3.2,-6.5,0.2
2022-12-06,112,1.5,-2.2,4.7
2022-12-07,112,5.2,2.2,8.1
2022-12-08,112,4.5,1.3,8.7
2022-12-09,112,5.3,3.1,9.8
2022-12-10,112,2.7,0.3,4.8
2022-12-11,112,1.7,-0.6,5.1
2022-12-12,112,2.5,-1.1,5.5
2022-12-13,112,0.2,-6.6,4.7
2022-12-14,112,-8.2,-10.8,-6
2022-12-15,112,-4.3,-7.5,0.3
2022-12-16,112,-6.9,-9.8,-4.2
2022-12-17,112,-7.3,-10.2,-4.1
2022-12-18,112,-9.7,-12.4,-6.6
2022-12-19,112,-7.1,-11.8,-3.6
2022-12-20,112,-2.5,-8.4,2.2
2022-12-21,112,0.9,-2.8,4.3
2022-12-22,112,-7.7,-11,-2.8
2022-12-23,112,-11.3,-12.8,-9.4
2022-12-24,112,-9,-12.7,-5
2022-12-25,112,-4.9,-8.8,-0.8
2022-12-26,112,-3.7,-6.3,-0.4
2022-12-27,112,-1.7,-5.8,2.2
2022-12-28,112,-3.2,-5.7,-0.1
2022-12-29,112,-2.8,-7.4,0.7
2022-12-30,112,-2.5,-4.9,0.6
2022-12-31,112,0.2,-4.5,4
2023-01-01,112,-0.6,-4.1,3.3
2023-01-02,112,-4.6,-6.7,-1.8
2023-01-03,112,-4.6,-8.4,-1.3
2023-01-04,112,-1.5,-4.4,1.9
2023-01-05,112,-1.6,-3.7,1.3
2023-01-06,112,1.7,-3,4.7
2023-01-07,112,1.5,-1.2,3.5
2023-01-08,112,1.9,-2.8,5.8
2023-01-09,112,2.1,-1.8,4.8
2023-01-10,112,0.5,-3.3,6
2023-01-11,112,1.9,-1.5,6.1
2023-01-12,112,6.1,0.3,11.7
2023-01-13,112,7.3,5.1,10.1
2023-01-14,112,5.4,3.5,7
2023-01-15,112,-1.6,-4,3.9
2023-01-16,112,-5.5,-7.3,-3.3
2023-01-17,112,-3.5,-6.8,-1.4
2023-01-18,112,-2.6,-4.8,0.6
2023-01-19,112,0.6,-4,4
2023-01-20,112,-3.3,-8.1,3.5
2023-01-21,112,-4.3,-9.6,0.5
2023-01-22,112,0,-2.2,2.8
2023-01-23,112,-1.4,-7.6,3
2023-01-24,112,-14.6,-16.5,-7.6
2023-01-25,112,-11.3,-16.7,-6
2023-01-26,112,-5.4,-8.1,-3.6
2023-01-27,112,-7,-8.2,-5
2023-01-28,112,-5.5,-10.1,-1
2023-01-29,112,-1.5,-6.6,4.1
2023-01-30,112,-0.6,-3.5,3
2023-01-31,112,2.7,-2.1,7.1
2023-02-01,112,-0.4,-2.8,4.4
2023-02-02,112,-3.1,-5.2,-0.4
2023-02-03,112,-2.2,-4.7,1.6
2023-02-04,112,-0.2,-4.5,4.4
2023-02-05,112,1.8,-2.1,5.8
2023-02-06,112,2.7,-0.3,6.6
2023-02-07,112,2.2,-0.5,6.8
2023-02-08,112,1.5,-1.3,5.9
2023-02-09,112,3.9,-2.3,9.2
2023-02-10,112,3.3,1.1,6
2023-02-11,112,1.6,-1,5.3
2023-02-12,112,3,-0.7,5.8
2023-02-13,112,4.4,0.9,7.7
2023-02-14,112,0.4,-2.6,4.1
2023-02-15,112,2.5,-1.7,7.5
2023-02-16,112,1.7,-0.3,4.5
2023-02-17,112,3.1,-0.7,7.6
2023-02-18,112,3.9,2.6,5.4
2023-02-19,112,2.6,0.5,4.8
2023-02-20,112,-0.6,-3.1,1.4
2023-02-21,112,-2,-5.3,2.2
2023-02-22,112,0,-3.9,4.6
2023-02-23,112,2.3,-1.4,6.5
2023-02-24,112,2.6,-0.3,6.8
2023-02-25,112,0.1,-2.6,3.8
2023-02-26,112,1.8,-2.4,7
2023-02-27,112,3,-1.1,8.3
2023-02-28,112,4,0.2,6.7
2023-03-01,112,5.2,2.1,8.2
2023-03-02,112,1.9,-0.8,4.9
2023-03-03,112,4.3,-0.2,7.9
2023-03-04,112,6.5,4.2,11
2023-03-05,112,6.7,2,12.4
2023-03-06,112,7.9,2.5,12.5
2023-03-07,112,10,7.9,14.6
2023-03-08,112,12.3,8.6,15.7
2023-03-09,112,7.4,4.4,12.2
2023-03-10,112,10.7,4.7,18.2
2023-03-11,112,13.5,9.9,19.7
2023-03-12,112,4.5,0.2,10
2023-03-13,112,2.3,-1.4,5.1
2023-03-14,112,8,3.4,12.8
2023-03-15,112,7.9,3.1,11.1
2023-03-16,112,4.3,1.6,7.7
2023-03-17,112,6,1.2,10.8
2023-03-18,112,6.7,3.2,12.6
2023-03-19,112,4.7,1.7,10.2
2023-03-20,112,6.7,1.3,12.8
2023-03-21,112,10.7,4.7,16.7
2023-03-22,112,14.1,8.2,20.9
2023-03-23,112,14.4,10.5,20.6
2023-03-24,112,9.7,5.9,14.4
2023-03-25,112,9.6,5.8,14.9
2023-03-26,112,8.1,4.2,12.3
2023-03-27,112,6.2,2,10.4
2023-03-28,112,7.7,3.6,12.8
2023-03-29,112,9.6,4.8,15.3
2023-03-30,112,11.1,6.2,17.2
2023-03-31,112,11.5,7.4,17.4
2023-04-01,112,15,8.3,22.9
2023-04-02,112,17.9,13.3,23.7
2023-04-03,112,18.8,13.5,24.4
2023-04-04,112,17,12,20.6
2023-04-05,112,10.6,7.7,14.4
2023-04-06,112,7.7,6.5,8.4
2023-04-07,112,8,4.5,13.1
2023-04-08,112,8.1,3.9,13.2
2023-04-09,112,9.4,4.9,14.1
2023-04-10,112,12.4,7.7,16.2
2023-04-11,112,12,9.3,15.6
2023-04-12,112,9.4,6.3,13.3
2023-04-13,112,11.3,6.1,15.6
2023-04-14,112,14.8,11.7,19.5
2023-04-15,112,11.3,7,14
2023-04-16,112,9.7,6.4,14.2
2023-04-17,112,12,7.3,15.7
2023-04-18,112,13.7,10.9,17.5
2023-04-19,112,17.5,12.1,24.6
2023-04-20,112,13.2,11.9,16.4
2023-04-21,112,15.1,9.2,20.2
2023-04-22,112,16.7,13,21.3
2023-04-23,112,15.8,12,21.1
2023-04-24,112,14.4,9.8,20.4
2023-04-25,112,10.6,9,12.4
2023-04-26,112,9.2,7.6,11.5
2023-04-27,112,10.8,5.5,15.5
2023-04-28,112,14.5,8.9,19.3
2023-04-29,112,12.1,9.3,15.6
2023-04-30,112,11.5,8.4,16
2023-05-01,112,13.1,9.1,18.5
2023-05-02,112,16,10,22.6
2023-05-03,112,18.9,13.6,24.9
2023-05-04,112,20.2,16,26
2023-05-05,112,17.6,15.5,21.3
2023-05-06,112,12.9,11.7,16.7
2023-05-07,112,14.3,12.2,18
2023-05-08,112,14.1,10.1,18.6
2023-05-09,112,14.1,10.4,18.8
2023-05-10,112,16.6,10.9,22.8
2023-05-11,112,17.6,12.7,22.7
2023-05-12,112,16.7,12.7,22.8
2023-05-13,112,15.9,12.5,20.6
2023-05-14,112,16.7,12.9,21
2023-05-15,112,19.4,13.5,25
2023-05-16,112,21.3,17.7,26.3
2023-05-17,112,21.1,16.7,24.8
2023-05-18,112,20.6,18.1,24.8
2023-05-19,112,21.2,16.4,26.6
2023-05-20,112,18.3,14.5,22.9
2023-05-21,112,15.2,14,17.8
2023-05-22,112,18.2,14.8,22.3
2023-05-23,112,19.2,15,24.6
2023-05-24,112,18.4,14.5,22
2023-05-25,112,19.5,14.5,24.8
2023-05-26,112,20.1,16.5,24.1
2023-05-27,112,19,18.4,20.2
2023-05-28,112,18.1,17.4,19.1
2023-05-29,112,21,17.8,24.4
2023-05-30,112,22.3,19.4,25.8
2023-05-31,112,21,18.7,24.9
2023-06-01,112,21.1,18,24.9
2023-06-02,112,18.6,16.9,22.6
2023-06-03,112,20.6,16.5,25.9
2023-06-04,112,19.5,15.9,23.8
2023-06-05,112,19.4,17.5,22.8
2023-06-06,112,19.2,16.9,22.2
2023-06-07,112,19.6,18.1,22.7
2023-06-08,112,19.2,17.4,22.9
2023-06-09,112,21,17.8,24.9
2023-06-10,112,21.8,19,26
2023-06-11,112,21.6,18.5,26.5
2023-06-12,112,20.2,17.8,22.8
2023-06-13,112,20.4,17.7,23.3
2023-06-14,112,20.5,17.5,24
2023-06-15,112,20.8,17.7,24.3
2023-06-16,112,21.7,18.4,25.7
2023-06-17,112,22.2,18.9,26.3
2023-06-18,112,23.1,20.1,27.3
2023-06-19,112,25.5,21.3,31.8
2023-06-20,112,22.9,19.8,24.9
2023-06-21,112,20.4,18.7,22.7
2023-06-22,112,21.5,19,25.1
2023-06-23,112,23.2,19.6,26.7
2023-06-24,112,24.6,21.4,28.8
2023-06-25,112,26.7,22.1,30.8
2023-06-26,112,23.2,21.7,25.4
2023-06-27,112,23.6,20.3,27.6
2023-06-28,112,24.2,21.9,27.3
2023-06-29,112,23.2,21.9,24.5
2023-06-30,112,23.9,22.1,26.8
2023-07-01,112,25.2,22,28.7
2023-07-02,112,24.4,21.7,28.2
2023-07-03,112,27.2,23.3,32.4
2023-07-04,112,24.5,23.9,26.6
2023-07-05,112,22.9,21.3,24.5
2023-07-06,112,25.7,22.2,29.1
2023-07-07,112,25.9,23.1,30
2023-07-08,112,24.6,22.3,28.6
2023-07-09,112,24.5,21.8,25.9
2023-07-10,112,25.1,23,28.4
2023-07-11,112,23.7,21.9,25
2023-07-12,112,24.9,22.4,27.5
2023-07-13,112,24.8,23.5,25.7
2023-07-14,112,23.7,23.1,24.3
2023-07-15,112,23.6,22.9,24.5
2023-07-16,112,23.5,22.9,24.4
2023-07-17,112,24.3,23.1,26
2023-07-18,112,24.6,23.1,27.1
2023-07-19,112,26.2,23,30.2
2023-07-20,112,26.2,23.2,29.4
2023-07-21,112,27.8,23.6,32.4
2023-07-22,112,26.6,23.3,31.7
2023-07-23,112,24.4,23.8,25.1
2023-07-24,112,25.2,23.4,27.3
2023-07-25,112,26.3,24.9,28.4
2023-07-26,112,27.2,25,29.6
2023-07-27,112,27.8,24.7,31.1
2023-07-28,112,28.9,25.7,31.7
2023-07-29,112,28.9,26.5,32.1
2023-07-30,112,29.4,25.4,33.7
2023-07-31,112,27.9,25.5,31.5
2023-08-01,112,29.3,26.5,32.8
2023-08-02,112,28.2,26.2,31.4
2023-08-03,112,28.1,25,31.6
2023-08-04,112,29.2,26.5,32.6
2023-08-05,112,28.7,25.9,32.8
2023-08-06,112,29.4,26.4,32.8
2023-08-07,112,30.2,26.4,34.6
2023-08-08,112,30.7,26.6,34.3
2023-08-09,112,29.3,27.1,32.5
2023-08-10,112,22.8,21.1,27.1
2023-08-11,112,23,21.9,24.8
2023-08-12,112,23.5,21.8,25.8
2023-08-13,112,26.7,23.3,30.5
2023-08-14,112,27.8,25,31.1
2023-08-15,112,27.4,24.2,31.2
2023-08-16,112,26.6,24.2,29.7
2023-08-17,112,27.3,24.3,30.4
2023-08-18,112,27.9,25.3,31.1
2023-08-19,112,27.5,25.5,30.8
2023-08-20,112,27.2,25.5,30.1
2023-08-21,112,28.6,26,31.8
2023-08-22,112,26.6,25.1,30
2023-08-23,112,24.2,23.1,25.7
2023-08-24,112,24.5,22.4,27
2023-08-25,112,25.9,24.2,28.3
2023-08-26,112,25.3,23.2,28.2
2023-08-27,112,25.6,23.2,28.4
2023-08-28,112,22.7,20.5,25.6
2023-08-29,112,23.4,22.2,25.5
2023-08-30,112,22.9,21.8,24.3
2023-08-31,112,23.6,21.1,26.9
2023-09-01,112,24.1,20.4,28.3
2023-09-02,112,25.1,20.2,29.1
2023-09-03,112,26.4,24,28.4
2023-09-04,112,26.9,24.6,29.7
2023-09-05,112,27.6,25.6,31.3
2023-09-06,112,27.4,24,30.4
2023-09-07,112,27.1,22.9,31.3
2023-09-08,112,25.1,22.1,28.6
2023-09-09,112,25.1,22,29.7
2023-09-10,112,25,23,28.5
2023-09-11,112,25,23.4,28.3
2023-09-12,112,25.2,22.3,28.7
2023-09-13,112,22.1,19.5,24.7
2023-09-14,112,23.2,18.8,26.4
2023-09-15,112,22.5,20.6,24.2
2023-09-16,112,23.9,21.7,26.8
2023-09-17,112,24.2,22,27.3
2023-09-18,112,24.5,22.6,27.7
2023-09-19,112,23.9,21.9,26.5
2023-09-20,112,20.7,18.6,23.8
2023-09-21,112,19.8,17.4,22.8
2023-09-22,112,21,16.9,25.3
2023-09-23,112,22.7,18.6,26.5
2023-09-24,112,22.1,18.8,25.6
2023-09-25,112,21.8,18.9,25.6
2023-09-26,112,20.1,18.6,20.9
2023-09-27,112,21.2,19.6,22.7
2023-09-28,112,21.9,19.4,25.3
2023-09-29,112,20.8,17.7,25.2
2023-09-30,112,20,17.3,22.4
2023-10-01,112,18.9,15.7,22.7
2023-10-02,112,18.9,14.6,23.4
2023-10-03,112,18.5,16.2,22.4
2023-10-04,112,18.7,15.7,22.8
2023-10-05,112,14.9,11.9,18.6
2023-10-06,112,16.3,11.3,20.6
2023-10-07,112,17.7,13.7,21
2023-10-08,112,17.8,15.9,19.8
2023-10-09,112,17.3,14.5,21.3
2023-10-10,112,16.9,13,21.2
2023-10-11,112,18.6,14.8,23.1
2023-10-12,112,18.3,13.7,23.1
2023-10-13,112,17.9,15.8,21.5
2023-10-14,112,15.7,13.9,19
2023-10-15,112,16.9,12.8,20.5
2023-10-16,112,14.7,11.9,18
2023-10-17,112,14.8,10.5,19.5
2023-10-18,112,16.3,11.3,20.4
2023-10-19,112,17.3,15.1,19
2023-10-20,112,12.2,9.6,15.1
2023-10-21,112,11.6,8.2,16
2023-10-22,112,13.7,7.3,18
2023-10-23,112,16.2,12.4,20.2
2023-10-24,112,15.7,13,18.8
2023-10-25,112,16.8,12.8,21
2023-10-26,112,17.5,15.6,20.3
2023-10-27,112,15.1,12,19
2023-10-28,112,14.4,10.4,19.1
2023-10-29,112,15.4,10.7,20.3
2023-10-30,112,15.4,11.3,20
2023-10-31,112,16.1,13.2,18.8
2023-11-01,112,18.6,16.7,20.5
2023-11-02,112,19.7,17.8,23.2
2023-11-03,112,18.7,16,20.5
2023-11-04,112,17,13.1,20.5
2023-11-05,112,17.4,15.4,19.3
2023-11-06,112,13.5,7.1,19.6
2023-11-07,112,5.5,3.3,8.2
2023-11-08,112,8.9,3,13.6
2023-11-09,112,11.9,8,18.6
2023-11-10,112,2.9,0.1,8.4
2023-11-11,112,1.5,-1.7,5.1
2023-11-12,112,1.4,-0.9,4.3
2023-11-13,112,2.5,-1.4,6
2023-11-14,112,5.5,0.3,10.6
2023-11-15,112,7.4,4.2,10.2
2023-11-16,112,7.1,6.2,8.3
2023-11-17,112,1.6,-1.6,6.6
2023-11-18,112,1,-2.9,4.9
2023-11-19,112,7.1,0.7,13
2023-11-20,112,6.5,3.3,10.7
2023-11-21,112,8,2.8,13.2
2023-11-22,112,10.4,5.6,13.6
2023-11-23,112,9.2,2.4,13.9
2023-11-24,112,-1.4,-4,2.4
2023-11-25,112,-1.8,-5.6,1.7
2023-11-26,112,3.6,-0.3,6.7
2023-11-27,112,6.7,4.7,9.4
2023-11-28,112,1.2,-1.2,5.5
2023-11-29,112,-0.9,-3.9,2.7
2023-11-30,112,-3.9,-6.5,-1.2
2023-12-01,112,-2.7,-6,0.1