outcome,month,MMWR week,Week date,Age group,Vaccine product,Vaccinated with outcome,Fully vaccinated population,Unvaccinated with outcome,Unvaccinated population,Crude vax IR,Crude unvax IR,Crude IRR,Age adjusted vax IR,Age adjusted unvax IR,Age adjusted IRR
case,04 - APR,14,Apr 04-Apr 10,12-17,all_types,4,19653,22165,10817618,20.35312675,204.8972334,10.06711332,,,
case,04 - APR,14,Apr 04-Apr 10,18-29,all_types,432,1406437,55217,19543208,30.71591547,282.5380562,9.198425373,,,
case,04 - APR,14,Apr 04-Apr 10,30-49,all_types,1176,3972493,71563,25934960,29.60357639,275.9325636,9.320919876,,,
case,04 - APR,14,Apr 04-Apr 10,50-64,all_types,1027,4140195,37287,14862743,24.80559491,250.8756291,10.11367113,,,
case,04 - APR,14,Apr 04-Apr 10,65-79,all_types,1169,8933954,10748,4897480,13.08491179,219.4598038,16.77197427,,,
case,04 - APR,14,Apr 04-Apr 10,80+,all_types,554,3079783,2662,1744234,17.98828034,152.6171374,8.484253885,,,
case,04 - APR,14,Apr 04-Apr 10,all_ages_adj,Janssen,804,1333378,199642,77800243,60.29798002,256.608453,4.255672461,69.96408001,253.9889753,3.630276783
case,04 - APR,14,Apr 04-Apr 10,all_ages_adj,Moderna,1144,9484658,199642,77800243,12.06158409,256.608453,21.27485504,22.81892308,253.9889753,11.13062936
case,04 - APR,14,Apr 04-Apr 10,all_ages_adj,Pfizer,2337,10693589,199642,77800243,21.85421564,256.608453,11.74182854,25.93696329,253.9889753,9.792548669
case,04 - APR,14,Apr 04-Apr 10,all_ages_adj,all_types,4362,21552515,199642,77800243,20.23893731,256.608453,12.67894895,25.66635312,253.9889753,9.89579525
case,04 - APR,15,Apr 11-Apr 17,12-17,all_types,3,29567,22221,10614723,10.14644705,209.3413083,20.63198154,,,
case,04 - APR,15,Apr 11-Apr 17,18-29,all_types,499,1691402,51952,18249572,29.50215265,284.6751694,9.64930162,,,
case,04 - APR,15,Apr 11-Apr 17,30-49,all_types,1357,4779191,67918,23940072,28.39392692,283.7000657,9.99157554,,,
case,04 - APR,15,Apr 11-Apr 17,50-64,all_types,1293,5356194,34876,13488428,24.14027573,258.5623766,10.71082947,,,
case,04 - APR,15,Apr 11-Apr 17,65-79,all_types,1350,10397989,10854,4512265,12.98327975,240.5443829,18.52724332,,,
case,04 - APR,15,Apr 11-Apr 17,80+,all_types,653,3372841,2528,1662098,19.36053315,152.0969281,7.85602994,,,
case,04 - APR,15,Apr 11-Apr 17,all_ages_adj,Janssen,1045,1691151,190349,72467158,61.79223499,262.6693322,4.250846927,67.25400708,261.4702835,3.887802302
case,04 - APR,15,Apr 11-Apr 17,all_ages_adj,Moderna,1346,11125606,190349,72467158,12.09821739,262.6693322,21.71140787,14.0650842,261.4702835,18.59002619
case,04 - APR,15,Apr 11-Apr 17,all_ages_adj,Pfizer,2673,12766109,190349,72467158,20.93825143,262.6693322,12.54495072,23.41961734,261.4702835,11.16458394
case,04 - APR,15,Apr 11-Apr 17,all_ages_adj,all_types,5155,25627184,190349,72467158,20.11535875,262.6693322,13.05814803,23.84877574,261.4702835,10.9636774
case,04 - APR,16,Apr 18-Apr 24,12-17,all_types,6,46569,18936,10428697,12.88410745,181.5758958,14.09301315,,,
case,04 - APR,16,Apr 18-Apr 24,18-29,all_types,563,2173478,39373,17382884,25.90318375,226.5044166,8.744269387,,,
case,04 - APR,16,Apr 18-Apr 24,30-49,all_types,1602,5966771,54909,22620330,26.84869253,242.7418168,9.041103825,,,
case,04 - APR,16,Apr 18-Apr 24,50-64,all_types,1426,7064251,27809,12606403,20.18614571,220.5942488,10.9280024,,,
case,04 - APR,16,Apr 18-Apr 24,65-79,all_types,1365,11522833,9226,4262552,11.84604515,216.4431073,18.27133905,,,
case,04 - APR,16,Apr 18-Apr 24,80+,all_types,608,3606174,2285,1608485,16.85997403,142.0591426,8.425822147,,,
case,04 - APR,16,Apr 18-Apr 24,all_ages_adj,Janssen,1356,2549569,152538,68909351,53.18545997,221.3603782,4.162046889,48.16819342,222.2336716,4.613701612
case,04 - APR,16,Apr 18-Apr 24,all_ages_adj,Moderna,1437,12859780,152538,68909351,11.17437468,221.3603782,19.80964346,18.43398104,222.2336716,12.05565261
case,04 - APR,16,Apr 18-Apr 24,all_ages_adj,Pfizer,2687,14920597,152538,68909351,18.00866279,221.3603782,12.29188312,20.04965492,222.2336716,11.08416442
case,04 - APR,16,Apr 18-Apr 24,all_ages_adj,all_types,5570,30380076,152538,68909351,18.33438468,221.3603782,12.07351008,21.92232823,222.2336716,10.13732069
case,04 - APR,17,Apr 25-May 01,12-17,all_types,11,79540,17763,10263580,13.82951974,173.0682666,12.51440903,,,
case,04 - APR,17,Apr 25-May 01,18-29,all_types,638,2823277,35485,16708363,22.59785349,212.3786753,9.398179141,,,
case,04 - APR,17,Apr 25-May 01,30-49,all_types,1696,7430093,47263,21554065,22.82609383,219.2765031,9.606396288,,,
case,04 - APR,17,Apr 25-May 01,50-64,all_types,1502,9158170,22798,11886827,16.40065646,191.792141,11.69417465,,,
case,04 - APR,17,Apr 25-May 01,65-79,all_types,1359,12329977,7818,4045389,11.02191837,193.2570638,17.53388633,,,
case,04 - APR,17,Apr 25-May 01,80+,all_types,664,3772051,1976,1559194,17.60315542,126.7321449,7.199399308,,,
case,04 - APR,17,Apr 25-May 01,all_ages_adj,Janssen,1492,3513750,133103,66017418,42.46175738,201.6180033,4.748225597,38.75108855,201.5198928,5.200367275
case,04 - APR,17,Apr 25-May 01,all_ages_adj,Moderna,1518,14626122,133103,66017418,10.37869095,201.6180033,19.42614963,15.03053133,201.5198928,13.40736986
case,04 - APR,17,Apr 25-May 01,all_ages_adj,Pfizer,2748,17400583,133103,66017418,15.79257431,201.6180033,12.76663319,17.50471697,201.5198928,11.51231941
case,04 - APR,17,Apr 25-May 01,all_ages_adj,all_types,5870,35593108,133103,66017418,16.49195681,201.6180033,12.22523231,19.14830791,201.5198928,10.52416192
case,05 - MAY,18,May 02-May 08,12-17,all_types,5,138538,14003,10145363,3.609118076,138.0236469,38.24303998,,,
case,05 - MAY,18,May 02-May 08,18-29,all_types,554,3390801,27867,16203678,16.33832242,171.9794728,10.52614022,,,
case,05 - MAY,18,May 02-May 08,30-49,all_types,1462,8817679,38481,20749330,16.58032686,185.4565906,11.18533984,,,
case,05 - MAY,18,May 02-May 08,50-64,all_types,1351,11099314,18903,11335018,12.17192342,166.7663871,13.7009067,,,
case,05 - MAY,18,May 02-May 08,65-79,all_types,1160,12862859,6641,3862649,9.018212825,171.9286428,19.0646025,,,
case,05 - MAY,18,May 02-May 08,80+,all_types,583,3878760,1722,1518807,15.03057678,113.3784609,7.54318763,,,
case,05 - MAY,18,May 02-May 08,all_ages_adj,Janssen,1188,3517369,107617,63814845,33.77524508,168.6394443,4.992989509,31.19434312,170.1202132,5.453559722
case,05 - MAY,18,May 02-May 08,all_ages_adj,Moderna,1294,16546930,107617,63814845,7.82018175,168.6394443,21.56464513,8.013826248,170.1202132,21.22833812
case,05 - MAY,18,May 02-May 08,all_ages_adj,Pfizer,2561,20068541,107617,63814845,12.7612665,168.6394443,13.21494573,12.67770297,170.1202132,13.41885147
case,05 - MAY,18,May 02-May 08,all_ages_adj,all_types,5115,40187951,107617,63814845,12.72769542,168.6394443,13.249802,13.47681231,170.1202132,12.62317893
case,05 - MAY,19,May 09-May 15,12-17,all_types,6,248651,10987,10049430,2.413020659,109.3295839,45.30818393,,,
case,05 - MAY,19,May 09-May 15,18-29,all_types,483,4142883,22989,15816023,11.65854792,145.3525959,12.46746995,,,
case,05 - MAY,19,May 09-May 15,30-49,all_types,1219,10431879,32280,20171550,11.68533492,160.0273653,13.69471789,,,
case,05 - MAY,19,May 09-May 15,50-64,all_types,1182,12689233,16297,10937914,9.314983813,148.9955032,15.99525089,,,
case,05 - MAY,19,May 09-May 15,65-79,all_types,1090,13253120,5984,3723311,8.224478462,160.7171681,19.54132032,,,
case,05 - MAY,19,May 09-May 15,80+,all_types,509,3957490,1782,1486340,12.86168759,119.8918148,9.321623932,,,
case,05 - MAY,19,May 09-May 15,all_ages_adj,Janssen,908,3580889,90319,62184568,25.35683178,145.2434308,5.727980217,23.09288649,148.3902906,6.42580089
case,05 - MAY,19,May 09-May 15,all_ages_adj,Moderna,1247,18303865,90319,62184568,6.812768779,145.2434308,21.31929551,6.631454991,148.3902906,22.37673192
case,05 - MAY,19,May 09-May 15,all_ages_adj,Pfizer,2265,22781481,90319,62184568,9.942286017,145.2434308,14.60865545,9.375707762,148.3902906,15.8271028
case,05 - MAY,19,May 09-May 15,all_ages_adj,all_types,4489,44723256,90319,62184568,10.03728351,145.2434308,14.47039238,9.946917737,148.3902906,14.91821834
case,05 - MAY,20,May 16-May 22,12-17,all_types,13,434271,7778,9174394,2.993522478,84.77944156,28.32096374,,,
case,05 - MAY,20,May 16-May 22,18-29,all_types,414,5126025,17103,15382786,8.076433494,111.1827207,13.76631416,,,
case,05 - MAY,20,May 16-May 22,30-49,all_types,1188,12119155,24153,19533874,9.802663635,123.6467482,12.61358676,,,
case,05 - MAY,20,May 16-May 22,50-64,all_types,1087,13918926,11918,10532730,7.80951059,113.1520508,14.48900664,,,
case,05 - MAY,20,May 16-May 22,65-79,all_types,959,13579733,4550,3589098,7.061994518,126.7727992,17.95141569,,,
case,05 - MAY,20,May 16-May 22,80+,all_types,460,4024447,1248,1456699,11.43014183,85.67315554,7.495371169,,,
case,05 - MAY,20,May 16-May 22,all_ages_adj,Janssen,786,3812715,66750,59669581,20.61523088,111.8660444,5.426378443,18.54918944,114.1233672,6.152471922
case,05 - MAY,20,May 16-May 22,all_ages_adj,Moderna,1156,19774933,66750,59669581,5.845784661,111.8660444,19.13618974,8.357788938,114.1233672,13.6547319
case,05 - MAY,20,May 16-May 22,all_ages_adj,Pfizer,2119,25555429,66750,59669581,8.291780193,111.8660444,13.49119753,7.726613237,114.1233672,14.77016692
case,05 - MAY,20,May 16-May 22,all_ages_adj,all_types,4121,49202557,66750,59669581,8.375580968,111.8660444,13.35621312,8.158756285,114.1233672,13.98783874
case,05 - MAY,21,May 23-May 29,12-17,all_types,13,609586,4981,8647158,2.132594909,57.60274069,27.01063407,,,
case,05 - MAY,21,May 23-May 29,18-29,all_types,380,6035800,12227,14994743,6.295768581,81.54191106,12.95185965,,,
case,05 - MAY,21,May 23-May 29,30-49,all_types,1005,13523050,17967,18977452,7.43175541,94.67551281,12.73932033,,,
case,05 - MAY,21,May 23-May 29,50-64,all_types,907,14878031,8977,10196400,6.096236794,88.04087717,14.44184013,,,
case,05 - MAY,21,May 23-May 29,65-79,all_types,781,13849547,3631,3478616,5.639173613,104.3805927,18.50990941,,,
case,05 - MAY,21,May 23-May 29,80+,all_types,413,4081899,951,1432348,10.11783976,66.39447955,6.56212009,,,
case,05 - MAY,21,May 23-May 29,all_ages_adj,Janssen,679,4048914,48734,57726717,16.76992892,84.42191507,5.034124799,15.3618112,87.0371611,5.665813749
case,05 - MAY,21,May 23-May 29,all_ages_adj,Moderna,906,21180916,48734,57726717,4.277435405,84.42191507,19.73657276,3.859144139,87.0371611,22.55348802
case,05 - MAY,21,May 23-May 29,all_ages_adj,Pfizer,1858,27687499,48734,57726717,6.710609723,84.42191507,12.58036431,6.207951581,87.0371611,14.02027061
case,05 - MAY,21,May 23-May 29,all_ages_adj,all_types,3499,52977913,48734,57726717,6.604639182,84.42191507,12.78221455,6.326933698,87.0371611,13.75661027
case,06 - JUN,22,May 30-Jun 05,12-17,all_types,20,764705,3548,8387435,2.615387633,42.30137104,16.17403497,,,
case,06 - JUN,22,May 30-Jun 05,18-29,all_types,334,6744572,9696,14741814,4.952130395,65.77209562,13.28157588,,,
case,06 - JUN,22,May 30-Jun 05,30-49,all_types,913,14653956,14467,18611714,6.230399491,77.73061632,12.47602444,,,
case,06 - JUN,22,May 30-Jun 05,50-64,all_types,845,15636820,7278,9980941,5.403912049,72.91897628,13.49373854,,,
case,06 - JUN,22,May 30-Jun 05,65-79,all_types,719,14077613,2869,3409420,5.107399955,84.14921013,16.47593901,,,
case,06 - JUN,22,May 30-Jun 05,80+,all_types,351,4132225,787,1416757,8.494213166,55.54939909,6.539675659,,,
case,06 - JUN,22,May 30-Jun 05,all_ages_adj,Janssen,612,4300182,38645,56548081,14.23195576,68.34007329,4.80187505,15.00109959,70.69664542,4.71276422
case,06 - JUN,22,May 30-Jun 05,all_ages_adj,Moderna,868,22401569,38645,56548081,3.874728596,68.34007329,17.63738326,3.455402604,70.69664542,20.45974189
case,06 - JUN,22,May 30-Jun 05,all_ages_adj,Pfizer,1667,29246651,38645,56548081,5.699797902,68.34007329,11.98991166,5.290946222,70.69664542,13.36181516
case,06 - JUN,22,May 30-Jun 05,all_ages_adj,all_types,3182,56009891,38645,56548081,5.681139426,68.34007329,12.02928993,5.423295686,70.69664542,13.03573501
case,06 - JUN,23,Jun 06-Jun 12,12-17,all_types,26,876581,3022,8154255,2.966069308,37.06040589,12.49478756,,,
case,06 - JUN,23,Jun 06-Jun 12,18-29,all_types,379,7282721,8677,14518532,5.204098853,59.76499552,11.48421604,,,
case,06 - JUN,23,Jun 06-Jun 12,30-49,all_types,918,15515814,12557,18287341,5.916544243,68.66498525,11.60558975,,,
case,06 - JUN,23,Jun 06-Jun 12,50-64,all_types,884,16215888,6276,9794175,5.451443671,64.07890404,11.75448338,,,
case,06 - JUN,23,Jun 06-Jun 12,65-79,all_types,697,14260696,2583,3345983,4.887559485,77.19704493,15.79459957,,,
case,06 - JUN,23,Jun 06-Jun 12,80+,all_types,349,4173677,669,1402085,8.361931218,47.71465353,5.706176276,,,
case,06 - JUN,23,Jun 06-Jun 12,all_ages_adj,Janssen,566,4535172,33784,55502371,12.48023228,60.86947168,4.877270736,13.33776891,62.94726118,4.71947457
case,06 - JUN,23,Jun 06-Jun 12,all_ages_adj,Moderna,876,23411863,33784,55502371,3.741692833,60.86947168,16.26789648,3.37838099,62.94726118,18.6323749
case,06 - JUN,23,Jun 06-Jun 12,all_ages_adj,Pfizer,1763,30316071,33784,55502371,5.815397384,60.86947168,10.46694966,5.444310752,62.94726118,11.56202576
case,06 - JUN,23,Jun 06-Jun 12,all_ages_adj,all_types,3253,58325377,33784,55502371,5.577332145,60.86947168,10.91372543,5.371140581,62.94726118,11.71953335
case,06 - JUN,24,Jun 13-Jun 19,12-17,all_types,16,966454,3012,7960583,1.655536632,37.8364248,22.85447756,,,
case,06 - JUN,24,Jun 13-Jun 19,18-29,all_types,404,7638663,9064,14317333,5.28888367,63.30788004,11.96998913,,,
case,06 - JUN,24,Jun 13-Jun 19,30-49,all_types,990,16070950,12452,17989508,6.160183437,69.21812425,11.23637388,,,
case,06 - JUN,24,Jun 13-Jun 19,50-64,all_types,907,16588611,6303,9624442,5.467606661,65.48951098,11.97772902,,,
case,06 - JUN,24,Jun 13-Jun 19,65-79,all_types,770,14385824,2551,3288058,5.352491453,77.58378958,14.49489276,,,
case,06 - JUN,24,Jun 13-Jun 19,80+,all_types,365,4201724,753,1388845,8.686910421,54.21771328,6.241311428,,,
case,06 - JUN,24,Jun 13-Jun 19,all_ages_adj,Janssen,557,4698928,34135,54568769,11.8537675,62.55409573,5.277148868,10.91214333,64.47774705,5.908806832
case,06 - JUN,24,Jun 13-Jun 19,all_ages_adj,Moderna,924,24073348,34135,54568769,3.838269608,62.55409573,16.29747311,3.376361135,64.47774705,19.09681592
case,06 - JUN,24,Jun 13-Jun 19,all_ages_adj,Pfizer,1930,31016840,34135,54568769,6.222426269,62.55409573,10.05300714,5.724520112,64.47774705,11.26343271
case,06 - JUN,24,Jun 13-Jun 19,all_ages_adj,all_types,3452,59852226,34135,54568769,5.767538203,62.55409573,10.84589187,5.409649353,64.47774705,11.91902522
case,06 - JUN,25,Jun 20-Jun 26,12-17,all_types,57,1690966,3341,7792263,3.370854293,42.87586289,12.71958357,,,
case,06 - JUN,25,Jun 20-Jun 26,18-29,all_types,524,7986105,9454,14135155,6.561396325,66.8828888,10.19339261,,,
case,06 - JUN,25,Jun 20-Jun 26,30-49,all_types,1368,16589217,13154,17724233,8.246320486,74.21477702,8.999744449,,,
case,06 - JUN,25,Jun 20-Jun 26,50-64,all_types,1093,16916125,6376,9466479,6.461290632,67.35344789,10.4241477,,,
case,06 - JUN,25,Jun 20-Jun 26,65-79,all_types,951,14497247,2552,3233558,6.559866159,78.92235117,12.03109168,,,
case,06 - JUN,25,Jun 20-Jun 26,80+,all_types,393,4227147,665,1376469,9.297050706,48.31202156,5.196488982,,,
case,06 - JUN,25,Jun 20-Jun 26,all_ages_adj,Janssen,685,4857423,35542,53728157,14.10212782,66.15153392,4.690890253,14.6094151,67.78686758,4.639943976
case,06 - JUN,25,Jun 20-Jun 26,all_ages_adj,Moderna,1143,24571362,35542,53728157,4.651756789,66.15153392,14.22076366,4.30542464,67.78686758,15.74452539
case,06 - JUN,25,Jun 20-Jun 26,all_ages_adj,Pfizer,2500,32414317,35542,53728157,7.7126413,66.15153392,8.577027161,7.468798462,67.78686758,9.076007061
case,06 - JUN,25,Jun 20-Jun 26,all_ages_adj,all_types,4386,61906807,35542,53728157,7.084842867,66.15153392,9.337050257,6.944034308,67.78686758,9.761885465
case,06 - JUN,26,Jun 27-Jul 03,12-17,all_types,79,2195662,5012,7474974,3.5980037,67.05040044,18.63544511,,,
case,06 - JUN,26,Jun 27-Jul 03,18-29,all_types,785,8337752,12850,13961249,9.415007786,92.04047575,9.775931984,,,
case,06 - JUN,26,Jun 27-Jul 03,30-49,all_types,2186,17105156,17882,17471750,12.77977237,102.3480762,8.008599311,,,
case,06 - JUN,26,Jun 27-Jul 03,50-64,all_types,1572,17226646,8129,9319945,9.125397945,87.22154476,9.558108621,,,
case,06 - JUN,26,Jun 27-Jul 03,65-79,all_types,1244,14600005,3212,3183736,8.520545027,100.8877621,11.84052918,,,
case,06 - JUN,26,Jun 27-Jul 03,80+,all_types,500,4249909,905,1365246,11.76495779,66.28841982,5.634395039,,,
case,06 - JUN,26,Jun 27-Jul 03,all_ages_adj,Janssen,1006,5002388,47990,52776900,20.11039528,90.92993336,4.521538842,18.35493481,92.33551425,5.03055528
case,06 - JUN,26,Jun 27-Jul 03,all_ages_adj,Moderna,1605,25052947,47990,52776900,6.406431946,90.92993336,14.1935377,6.102849137,92.33551425,15.1299028
case,06 - JUN,26,Jun 27-Jul 03,all_ages_adj,Pfizer,3677,33595555,47990,52776900,10.9449003,90.92993336,8.307972742,10.8640714,92.33551425,8.499163053
case,06 - JUN,26,Jun 27-Jul 03,all_ages_adj,all_types,6366,63715130,47990,52776900,9.991347424,90.92993336,9.100867931,9.99497372,92.33551425,9.2381948
case,07 - JUL,27,Jul 04-Jul 10,12-17,all_types,124,2457417,6901,7351658,5.045948653,93.86998144,18.60303937,,,
case,07 - JUL,27,Jul 04-Jul 10,18-29,all_types,1447,8589467,19643,13816888,16.84621409,142.1666008,8.439083108,,,
case,07 - JUL,27,Jul 04-Jul 10,30-49,all_types,3430,17468960,26168,17262892,19.63482657,151.5852616,7.720224116,,,
case,07 - JUL,27,Jul 04-Jul 10,50-64,all_types,2571,17447641,10032,9197107,14.73551639,109.0777785,7.402372306,,,
case,07 - JUL,27,Jul 04-Jul 10,65-79,all_types,1972,14674996,4522,3141197,13.43782308,143.9578607,10.71288554,,,
case,07 - JUL,27,Jul 04-Jul 10,80+,all_types,718,4266238,1128,1356020,16.82981587,83.1846138,4.942693042,,,
case,07 - JUL,27,Jul 04-Jul 10,all_ages_adj,Janssen,1496,5123076,68394,52125762,29.20120646,131.2095927,4.493293551,26.34511662,132.4644767,5.028046703
case,07 - JUL,27,Jul 04-Jul 10,all_ages_adj,Moderna,2509,25406429,68394,52125762,9.875453178,131.2095927,13.28643763,10.0231569,132.4644767,13.21584388
case,07 - JUL,27,Jul 04-Jul 10,all_ages_adj,Pfizer,6130,34310597,68394,52125762,17.86620035,131.2095927,7.344012165,17.93403815,132.4644767,7.386204694
case,07 - JUL,27,Jul 04-Jul 10,all_ages_adj,all_types,10262,64904719,68394,52125762,15.81086885,131.2095927,8.29869591,15.88488346,132.4644767,8.339027293
case,07 - JUL,28,Jul 11-Jul 17,12-17,all_types,227,2662063,11530,7202958,8.527221181,160.0731255,18.77201519,,,
case,07 - JUL,28,Jul 11-Jul 17,18-29,all_types,2644,8785967,32459,13655468,30.09344333,237.6996526,7.898719001,,,
case,07 - JUL,28,Jul 11-Jul 17,30-49,all_types,6451,17753714,42558,17032278,36.33605904,249.866753,6.876550722,,,
case,07 - JUL,28,Jul 11-Jul 17,50-64,all_types,4736,17615907,19033,9060704,26.88479225,210.0609401,7.813374123,,,
case,07 - JUL,28,Jul 11-Jul 17,65-79,all_types,3540,14731638,7042,3093515,24.02991439,227.6374933,9.473087983,,,
case,07 - JUL,28,Jul 11-Jul 17,80+,all_types,1276,4279137,1776,1345445,29.8190967,132.0009365,4.426724854,,,
case,07 - JUL,28,Jul 11-Jul 17,all_ages_adj,Janssen,2591,5223065,114398,51390368,49.60688791,222.6059171,4.487399361,46.45163126,223.7412967,4.816651013
case,07 - JUL,28,Jul 11-Jul 17,all_ages_adj,Moderna,4863,25643019,114398,51390368,18.9642257,222.6059171,11.73820227,18.28828443,223.7412967,12.2341326
case,07 - JUL,28,Jul 11-Jul 17,all_ages_adj,Pfizer,11215,34897352,114398,51390368,32.13710886,222.6059171,6.926756172,32.49332591,223.7412967,6.885761628
case,07 - JUL,28,Jul 11-Jul 17,all_ages_adj,all_types,18874,65828426,114398,51390368,28.67150431,222.6059171,7.764012474,28.88589023,223.7412967,7.745695041
case,07 - JUL,29,Jul 18-Jul 24,12-17,all_types,421,2812543,19211,7019102,14.96866004,273.6959799,18.28460125,,,
case,07 - JUL,29,Jul 18-Jul 24,18-29,all_types,4617,8937468,49979,13468964,51.65892622,371.0678861,7.183035214,,,
case,07 - JUL,29,Jul 18-Jul 24,30-49,all_types,11068,17971824,68378,16754699,61.5852904,408.1123749,6.626783316,,,
case,07 - JUL,29,Jul 18-Jul 24,50-64,all_types,8560,17746772,30521,8887962,48.23412393,343.3970577,7.11938001,,,
case,07 - JUL,29,Jul 18-Jul 24,65-79,all_types,6514,14778737,11131,3033123,44.07683823,366.9814907,8.325948626,,,
case,07 - JUL,29,Jul 18-Jul 24,80+,all_types,2215,4289499,2707,1332828,51.63773205,203.1019756,3.933208675,,,
case,07 - JUL,29,Jul 18-Jul 24,all_ages_adj,Janssen,4354,5299867,181927,50496678,82.15300497,360.2751848,4.385417003,75.48801621,362.4017556,4.800785261
case,07 - JUL,29,Jul 18-Jul 24,all_ages_adj,Moderna,8900,25823805,181927,50496678,34.46432468,360.2751848,10.45356867,35.0720166,362.4017556,10.33307436
case,07 - JUL,29,Jul 18-Jul 24,all_ages_adj,Pfizer,19715,35347872,181927,50496678,55.7742203,360.2751848,6.459528845,55.9955036,362.4017556,6.471979575
case,07 - JUL,29,Jul 18-Jul 24,all_ages_adj,all_types,33395,66536843,181927,50496678,50.19023821,360.2751848,7.178192367,50.04157259,362.4017556,7.242013727
case,07 - JUL,30,Jul 25-Jul 31,12-17,all_types,761,2962740,27984,6783321,25.68568285,412.5412906,16.06113776,,,
case,07 - JUL,30,Jul 25-Jul 31,18-29,all_types,7920,9094211,72786,13213573,87.08836863,550.8426827,6.325100486,,,
case,07 - JUL,30,Jul 25-Jul 31,30-49,all_types,16997,18196858,97438,16340935,93.4062353,596.2816693,6.383745875,,,
case,07 - JUL,30,Jul 25-Jul 31,50-64,all_types,12987,17882474,43521,8633293,72.62417941,504.1066022,6.941305311,,,
case,07 - JUL,30,Jul 25-Jul 31,65-79,all_types,10180,14827712,16198,2947295,68.6552315,549.5886906,8.005051889,,,
case,07 - JUL,30,Jul 25-Jul 31,80+,all_types,3457,4300540,3958,1316384,80.38525395,300.6721443,3.740389307,,,
case,07 - JUL,30,Jul 25-Jul 31,all_ages_adj,Janssen,6595,5379020,261885,49234801,122.6059766,531.9103453,4.338372078,114.1041359,534.5821935,4.685037832
case,07 - JUL,30,Jul 25-Jul 31,all_ages_adj,Moderna,14011,26005820,261885,49234801,53.87640151,531.9103453,9.87278902,52.23606788,534.5821935,10.23396697
case,07 - JUL,30,Jul 25-Jul 31,all_ages_adj,Pfizer,30945,35814176,261885,49234801,86.4043333,531.9103453,6.156060986,87.45438977,534.5821935,6.112697086
case,07 - JUL,30,Jul 25-Jul 31,all_ages_adj,all_types,52302,67264535,261885,49234801,77.75568507,531.9103453,6.840790417,78.08639883,534.5821935,6.846034668
case,08 - AUG,31,Aug 01-Aug 07,12-17,all_types,1163,3099334,34971,6510539,37.52419068,537.1444668,14.31461831,,,
case,08 - AUG,31,Aug 01-Aug 07,18-29,all_types,9942,9238565,85093,12904706,107.6141154,659.3951075,6.127403502,,,
case,08 - AUG,31,Aug 01-Aug 07,30-49,all_types,21666,18402061,116312,15851861,117.7368122,733.7435018,6.2320653,,,
case,08 - AUG,31,Aug 01-Aug 07,50-64,all_types,17309,18010174,54104,8350501,96.10678942,647.913221,6.741596769,,,
case,08 - AUG,31,Aug 01-Aug 07,65-79,all_types,13373,14873414,20374,2855639,89.9121076,713.4655326,7.935144127,,,
case,08 - AUG,31,Aug 01-Aug 07,80+,all_types,4488,4311123,4977,1298309,104.1028057,383.344797,3.682367583,,,
case,08 - AUG,31,Aug 01-Aug 07,all_ages_adj,Janssen,8056,5447350,315831,47771555,147.8884228,661.127736,4.470449569,135.5721128,667.0290745,4.920105329
case,08 - AUG,31,Aug 01-Aug 07,all_ages_adj,Moderna,18618,26165255,315831,47771555,71.15543112,661.127736,9.291317971,71.62555582,667.0290745,9.312724584
case,08 - AUG,31,Aug 01-Aug 07,all_ages_adj,Pfizer,40123,36256321,315831,47771555,110.664841,661.127736,5.97414436,111.4139196,667.0290745,5.986945587
case,08 - AUG,31,Aug 01-Aug 07,all_ages_adj,all_types,67941,67934671,315831,47771555,100.0093163,661.127736,6.61066149,99.86087514,667.0290745,6.679583707
case,08 - AUG,32,Aug 08-Aug 14,12-17,all_types,1417,3213770,44886,6233338,44.09151868,720.0957176,16.33184202,,,
case,08 - AUG,32,Aug 08-Aug 14,18-29,all_types,10443,9373093,90154,12592484,111.4146632,715.9349974,6.425859727,,,
case,08 - AUG,32,Aug 08-Aug 14,30-49,all_types,24888,18594922,127762,15355885,133.8429922,832.0067518,6.216289237,,,
case,08 - AUG,32,Aug 08-Aug 14,50-64,all_types,19477,18132037,60555,8079383,107.4176056,749.5003022,6.97744376,,,
case,08 - AUG,32,Aug 08-Aug 14,65-79,all_types,15336,14916991,23417,2769650,102.8089378,845.4858917,8.223855919,,,
case,08 - AUG,32,Aug 08-Aug 14,80+,all_types,5206,4320575,5778,1280727,120.4932214,451.1500109,3.744194119,,,
case,08 - AUG,32,Aug 08-Aug 14,all_ages_adj,Janssen,8968,5522608,352552,46311467,162.3870461,761.2628639,4.687953147,146.0065643,769.1849893,5.268153476
case,08 - AUG,32,Aug 08-Aug 14,all_ages_adj,Moderna,21646,26317748,352552,46311467,82.24867872,761.2628639,9.255624233,78.03908458,769.1849893,9.856407125
case,08 - AUG,32,Aug 08-Aug 14,all_ages_adj,Pfizer,44790,36645100,352552,46311467,122.2264368,761.2628639,6.22829957,122.8119812,769.1849893,6.263110338
case,08 - AUG,32,Aug 08-Aug 14,all_ages_adj,all_types,76767,68551388,352552,46311467,111.9846034,761.2628639,6.797924362,111.3801357,769.1849893,6.905944082
case,08 - AUG,33,Aug 15-Aug 21,12-17,all_types,2094,3342362,62270,6004761,62.65030538,1037.010466,16.55236091,,,
case,08 - AUG,33,Aug 15-Aug 21,18-29,all_types,11224,9512229,89296,12295612,117.9954772,726.2428255,6.154836124,,,
case,08 - AUG,33,Aug 15-Aug 21,30-49,all_types,27207,18792015,130213,14893483,144.7795779,874.2951531,6.038801644,,,
case,08 - AUG,33,Aug 15-Aug 21,50-64,all_types,21428,18256306,61409,7836048,117.3731422,783.6730964,6.676766778,,,
case,08 - AUG,33,Aug 15-Aug 21,65-79,all_types,16652,14960985,24432,2679811,111.302832,911.7060867,8.191220927,,,
case,08 - AUG,33,Aug 15-Aug 21,80+,all_types,5589,4330170,5963,1261848,129.071145,472.560879,3.661243409,,,
case,08 - AUG,33,Aug 15-Aug 21,all_ages_adj,Janssen,9797,5605563,373583,44971563,174.7728105,830.7093974,4.753081415,165.323359,834.1809356,5.04575361
case,08 - AUG,33,Aug 15-Aug 21,all_ages_adj,Moderna,24426,26454963,373583,44971563,92.33050146,830.7093974,8.997128622,91.30411408,834.1809356,9.13629078
case,08 - AUG,33,Aug 15-Aug 21,all_ages_adj,Pfizer,48526,37067319,373583,44971563,130.9131637,830.7093974,6.345499367,131.9198338,834.1809356,6.323392864
case,08 - AUG,33,Aug 15-Aug 21,all_ages_adj,all_types,84194,69194067,373583,44971563,121.6780624,830.7093974,6.827109022,121.7189382,834.1809356,6.853337269
case,08 - AUG,34,Aug 22-Aug 28,12-17,all_types,2808,3495462,71365,5806591,80.33272855,1229.034385,15.2992984,,,
case,08 - AUG,34,Aug 22-Aug 28,18-29,all_types,12740,9665250,88867,12009360,131.8124208,739.981148,5.61389544,,,
case,08 - AUG,34,Aug 22-Aug 28,30-49,all_types,29078,19016126,131268,14455695,152.9123229,908.0711789,5.938508823,,,
case,08 - AUG,34,Aug 22-Aug 28,50-64,all_types,22381,18398320,60651,7605268,121.6469765,797.4866895,6.555746083,,,
case,08 - AUG,34,Aug 22-Aug 28,65-79,all_types,16988,15010414,24389,2591201,113.1747599,941.22378,8.316552039,,,
case,08 - AUG,34,Aug 22-Aug 28,80+,all_types,5623,4340564,5822,1242460,129.5453771,468.5865139,3.617161218,,,
case,08 - AUG,34,Aug 22-Aug 28,all_ages_adj,Janssen,10228,5686831,382362,43710575,179.8541226,874.7585682,4.86371152,172.2943346,874.8998892,5.077937654
case,08 - AUG,34,Aug 22-Aug 28,all_ages_adj,Moderna,26273,26603677,382362,43710575,98.7570252,874.7585682,8.857684467,99.20074116,874.8998892,8.819489441
case,08 - AUG,34,Aug 22-Aug 28,all_ages_adj,Pfizer,51593,37569205,382362,43710575,137.3278993,874.7585682,6.369853269,139.950323,874.8998892,6.251503178
case,08 - AUG,34,Aug 22-Aug 28,all_ages_adj,all_types,89618,69926136,382362,43710575,128.1609497,874.7585682,6.825468835,130.2318778,874.8998892,6.718016386
case,09 - SEP,35,Aug 29-Sep 04,12-17,all_types,2691,3687471,57130,5631121,72.97684511,1014.540444,13.90222395,,,
case,09 - SEP,35,Aug 29-Sep 04,18-29,all_types,12924,9851554,80710,11725529,131.1874248,688.3271535,5.246898888,,,
case,09 - SEP,35,Aug 29-Sep 04,30-49,all_types,27251,19302670,115738,14038865,141.1773604,824.4113751,5.839543767,,,
case,09 - SEP,35,Aug 29-Sep 04,50-64,all_types,21286,18551557,53397,7385836,114.7396954,722.9648749,6.300913317,,,
case,09 - SEP,35,Aug 29-Sep 04,65-79,all_types,16415,15000081,22068,2505909,109.4327424,880.6385228,8.047303791,,,
case,09 - SEP,35,Aug 29-Sep 04,80+,all_types,5236,4334442,5216,1223872,120.7998631,426.1883596,3.528053334,,,
case,09 - SEP,35,Aug 29-Sep 04,all_ages_adj,Janssen,9406,5764928,334259,42511132,163.1590195,786.2858133,4.819137892,160.7315562,789.7523687,4.913486731
case,09 - SEP,35,Aug 29-Sep 04,all_ages_adj,Moderna,25625,26720166,334259,42511132,95.90135031,786.2858133,8.198902422,97.07456112,789.7523687,8.135523453
case,09 - SEP,35,Aug 29-Sep 04,all_ages_adj,Pfizer,49265,38176563,334259,42511132,129.0451422,786.2858133,6.093106645,131.631713,789.7523687,5.999712002
case,09 - SEP,35,Aug 29-Sep 04,all_ages_adj,all_types,85803,70727775,334259,42511132,121.3144341,786.2858133,6.481387142,122.9919272,789.7523687,6.421172403
case,09 - SEP,36,Sep 05-Sep 11,12-17,all_types,2448,3908423,45445,5503430,62.63395748,825.7577547,13.18386683,,,
case,09 - SEP,36,Sep 05-Sep 11,18-29,all_types,12638,10069162,70338,11514282,125.5119344,610.8761276,4.867076033,,,
case,09 - SEP,36,Sep 05-Sep 11,30-49,all_types,26459,19647258,104419,13736971,134.6701916,760.1311818,5.644390734,,,
case,09 - SEP,36,Sep 05-Sep 11,50-64,all_types,20867,18720687,48687,7230509,111.4649265,673.3550847,6.040959304,,,
case,09 - SEP,36,Sep 05-Sep 11,65-79,all_types,15744,14961029,19650,2444506,105.2334034,803.8433941,7.63867145,,,
case,09 - SEP,36,Sep 05-Sep 11,80+,all_types,5181,4317162,4970,1210270,120.0093951,410.6521685,3.421833502,,,
case,09 - SEP,36,Sep 05-Sep 11,all_ages_adj,Janssen,9192,5835750,293509,41639968,157.5118879,704.8732602,4.475048007,148.4554656,713.2125267,4.804218718
case,09 - SEP,36,Sep 05-Sep 11,all_ages_adj,Moderna,25129,26879610,293509,41639968,93.4872195,704.8732602,7.539782058,90.77179749,713.2125267,7.85720396
case,09 - SEP,36,Sep 05-Sep 11,all_ages_adj,Pfizer,47627,38842652,293509,41639968,122.6152118,704.8732602,5.748660791,125.0875998,713.2125267,5.701704467
case,09 - SEP,36,Sep 05-Sep 11,all_ages_adj,all_types,83337,71623721,293509,41639968,116.3539102,704.8732602,6.058010935,117.3219985,713.2125267,6.079103118
case,09 - SEP,37,Sep 12-Sep 18,12-17,all_types,2511,4139881,38408,5383784,60.65391735,713.4015778,11.76183846,,,
case,09 - SEP,37,Sep 12-Sep 18,18-29,all_types,11426,10302676,60479,11281201,110.9032255,536.1042676,4.833982646,,,
case,09 - SEP,37,Sep 12-Sep 18,30-49,all_types,25317,20014008,88796,13398904,126.4964019,662.7109202,5.238970518,,,
case,09 - SEP,37,Sep 12-Sep 18,50-64,all_types,19861,18899042,42364,7063032,105.0899829,599.7990665,5.707480866,,,
case,09 - SEP,37,Sep 12-Sep 18,65-79,all_types,15500,14921933,17604,2381300,103.8739418,739.260068,7.116896261,,,
case,09 - SEP,37,Sep 12-Sep 18,80+,all_types,4995,4297806,4319,1196579,116.222091,360.9456626,3.105654523,,,
case,09 - SEP,37,Sep 12-Sep 18,all_ages_adj,Janssen,8592,5898045,251970,40704800,145.675389,619.0179045,4.249296388,134.7138741,628.5510784,4.665822899
case,09 - SEP,37,Sep 12-Sep 18,all_ages_adj,Moderna,24156,27095756,251970,40704800,89.15049279,619.0179045,6.943516352,88.02245828,628.5510784,7.140803503
case,09 - SEP,37,Sep 12-Sep 18,all_ages_adj,Pfizer,45539,39516272,251970,40704800,115.2411341,619.0179045,5.371501326,116.9315799,628.5510784,5.375374891
case,09 - SEP,37,Sep 12-Sep 18,all_ages_adj,all_types,79610,72575346,251970,40704800,109.6928976,619.0179045,5.643190378,109.8148355,628.5510784,5.723735555
case,09 - SEP,38,Sep 19-Sep 25,12-17,all_types,2245,4319860,30964,5291398,51.96927678,585.1761671,11.26004061,,,
case,09 - SEP,38,Sep 19-Sep 25,18-29,all_types,9038,10498468,47115,11093606,86.08875124,424.7041043,4.933328666,,,
case,09 - SEP,38,Sep 19-Sep 25,30-49,all_types,22797,20320511,71557,13128701,112.1871394,545.0424989,4.858333155,,,
case,09 - SEP,38,Sep 19-Sep 25,50-64,all_types,17682,19042501,33690,6931069,92.85545003,486.0722062,5.23471919,,,
case,09 - SEP,38,Sep 19-Sep 25,65-79,all_types,13593,14898463,14468,2326650,91.23759948,621.8382653,6.815592134,,,
case,09 - SEP,38,Sep 19-Sep 25,80+,all_types,4496,4284349,3617,1183996,104.9400971,305.4908969,2.911097907,,,
case,09 - SEP,38,Sep 19-Sep 25,all_ages_adj,Janssen,7552,5941681,201411,39955420,127.1020777,504.0893075,3.966019413,117.3911843,514.2450342,4.380610328
case,09 - SEP,38,Sep 19-Sep 25,all_ages_adj,Moderna,21165,27307058,201411,39955420,77.50743416,504.0893075,6.503754292,73.91207704,514.2450342,6.957523788
case,09 - SEP,38,Sep 19-Sep 25,all_ages_adj,Pfizer,40057,40050329,201411,39955420,100.0166565,504.0893075,5.040053577,101.1134288,514.2450342,5.085823319
case,09 - SEP,38,Sep 19-Sep 25,all_ages_adj,all_types,69851,73364152,201411,39955420,95.21135063,504.0893075,5.294424501,94.74385153,514.2450342,5.427740438
case,09 - SEP,39,Sep 26-Oct 02,12-17,all_types,2141,4493681,25752,5217498,47.6446815,493.5699065,10.35939146,,,
case,09 - SEP,39,Sep 26-Oct 02,18-29,all_types,8551,10729691,39554,10931916,79.6947461,361.8212946,4.540089684,,,
case,09 - SEP,39,Sep 26-Oct 02,30-49,all_types,22328,20678241,61140,12885141,107.9782366,474.5000462,4.394404474,,,
case,09 - SEP,39,Sep 26-Oct 02,50-64,all_types,17507,19204318,29581,6807077,91.16178976,434.5624414,4.766936263,,,
case,09 - SEP,39,Sep 26-Oct 02,65-79,all_types,13406,14877106,12926,2194419,90.11161176,589.0397413,6.536779553,,,
case,09 - SEP,39,Sep 26-Oct 02,80+,all_types,4302,4269783,3173,1151140,100.7545348,275.6398005,2.735755775,,,
case,09 - SEP,39,Sep 26-Oct 02,all_ages_adj,Janssen,7212,5996082,172126,39187191,120.2785419,439.2404651,3.651860575,110.3801,452.3207291,4.097846704
case,09 - SEP,39,Sep 26-Oct 02,all_ages_adj,Moderna,20811,27565399,172126,39187191,75.49682121,439.2404651,5.81799946,73.81266797,452.3207291,6.12795529
case,09 - SEP,39,Sep 26-Oct 02,all_ages_adj,Pfizer,39214,40626509,172126,39187191,96.52318391,439.2404651,4.550621387,97.21470762,452.3207291,4.652801414
case,09 - SEP,39,Sep 26-Oct 02,all_ages_adj,all_types,68235,74252820,172126,39187191,91.89549973,439.2404651,4.779782105,90.90309017,452.3207291,4.975856467
death,04 - APR,14,Apr 04-Apr 10,12-17,all_types,0,13992,2,8599215,0,0.0232579,,,,
death,04 - APR,14,Apr 04-Apr 10,18-29,all_types,0,1065724,17,15786242,0,0.107688708,,,,
death,04 - APR,14,Apr 04-Apr 10,30-49,all_types,3,3033315,151,21265599,0.098901697,0.710066996,7.1795229,,,
death,04 - APR,14,Apr 04-Apr 10,50-64,all_types,8,3190735,467,11858396,0.25072593,3.938138008,15.70694347,,,
death,04 - APR,14,Apr 04-Apr 10,65-79,all_types,48,7018336,568,3959411,0.683922799,14.34556807,20.97542017,,,
death,04 - APR,14,Apr 04-Apr 10,80+,all_types,44,2430789,448,1406873,1.810111861,31.84367032,17.59210081,,,
death,04 - APR,14,Apr 04-Apr 10,all_ages_adj,Janssen,16,1025908,1653,62875736,1.559594038,2.628995071,1.685691922,0.913361294,3.892000135,4.261183565
death,04 - APR,14,Apr 04-Apr 10,all_ages_adj,Moderna,21,7428495,1653,62875736,0.282695216,2.628995071,9.299750827,0.151433613,3.892000135,25.70103204
death,04 - APR,14,Apr 04-Apr 10,all_ages_adj,Pfizer,66,8258140,1653,62875736,0.799211445,2.628995071,3.289486265,0.2756788,3.892000135,14.11787972
death,04 - APR,14,Apr 04-Apr 10,all_ages_adj,all_types,103,16752891,1653,62875736,0.614819257,2.628995071,4.276045423,0.231616599,3.892000135,16.80363221
death,04 - APR,15,Apr 11-Apr 17,12-17,all_types,0,19416,4,8450860,0,0.0473325,,,,
death,04 - APR,15,Apr 11-Apr 17,18-29,all_types,0,1247872,21,14791081,0,0.141977452,,,,
death,04 - APR,15,Apr 11-Apr 17,30-49,all_types,2,3578709,136,19670900,0.0558861,0.691376602,12.37117834,,,
death,04 - APR,15,Apr 11-Apr 17,50-64,all_types,10,4084525,411,10794419,0.24482651,3.807523128,15.55192341,,,
death,04 - APR,15,Apr 11-Apr 17,65-79,all_types,35,8105291,589,3649176,0.431816698,16.1406301,37.37842969,,,
death,04 - APR,15,Apr 11-Apr 17,80+,all_types,71,2634341,457,1341959,2.695171202,34.05469169,12.63544656,,,
death,04 - APR,15,Apr 11-Apr 17,all_ages_adj,Janssen,12,1308275,1618,58698395,0.917238348,2.756463784,3.005177214,0.645379735,4.161237579,6.447735111
death,04 - APR,15,Apr 11-Apr 17,all_ages_adj,Moderna,39,8628887,1618,58698395,0.451970225,2.756463784,6.098772952,0.20022148,4.161237579,20.78317266
death,04 - APR,15,Apr 11-Apr 17,all_ages_adj,Pfizer,67,9689288,1618,58698395,0.691485277,2.756463784,3.986294249,0.233104093,4.161237579,17.85141364
death,04 - APR,15,Apr 11-Apr 17,all_ages_adj,all_types,118,19670154,1618,58698395,0.599893626,2.756463784,4.594920943,0.221989009,4.161237579,18.74524144
death,04 - APR,16,Apr 18-Apr 24,12-17,all_types,0,30131,0,8309803,0,0,,,,
death,04 - APR,16,Apr 18-Apr 24,18-29,all_types,0,1584545,15,14104790,0,0.106346851,,,,
death,04 - APR,16,Apr 18-Apr 24,30-49,all_types,2,4447049,129,18593969,0.0449736,0.693773341,15.42622022,,,
death,04 - APR,16,Apr 18-Apr 24,50-64,all_types,11,5405859,397,10101474,0.203482925,3.930119505,19.31424718,,,
death,04 - APR,16,Apr 18-Apr 24,65-79,all_types,34,8967419,545,3447607,0.379150344,15.80806629,41.69339824,,,
death,04 - APR,16,Apr 18-Apr 24,80+,all_types,61,2803714,420,1299448,2.175685537,32.32141648,14.855739,,,
death,04 - APR,16,Apr 18-Apr 24,all_ages_adj,Janssen,21,1959570,1506,55857091,1.071663681,2.696166186,2.515869701,0.807260178,4.065368741,5.036008034
death,04 - APR,16,Apr 18-Apr 24,all_ages_adj,Moderna,31,9939176,1506,55857091,0.311897083,2.696166186,8.644409757,0.118401165,4.065368741,34.33554685
death,04 - APR,16,Apr 18-Apr 24,all_ages_adj,Pfizer,56,11290681,1506,55857091,0.495984255,2.696166186,5.435991487,0.173580708,4.065368741,23.42062548
death,04 - APR,16,Apr 18-Apr 24,all_ages_adj,all_types,108,23238717,1506,55857091,0.464741664,2.696166186,5.801429906,0.183641071,4.065368741,22.13757912
death,04 - APR,17,Apr 25-May 01,12-17,all_types,0,50927,2,8177537,0,0.0244572,,,,
death,04 - APR,17,Apr 25-May 01,18-29,all_types,0,2039799,12,13554562,0,0.088531079,,,,
death,04 - APR,17,Apr 25-May 01,30-49,all_types,1,5528210,111,17712841,0.018089,0.626664012,34.64330256,,,
death,04 - APR,17,Apr 25-May 01,50-64,all_types,11,7016985,348,9527515,0.156762484,3.652578873,23.30008288,,,
death,04 - APR,17,Apr 25-May 01,65-79,all_types,42,9609533,438,3270520,0.437065984,13.39236574,30.64151917,,,
death,04 - APR,17,Apr 25-May 01,80+,all_types,59,2930447,384,1259811,2.013344722,30.48076259,15.13936598,,,
death,04 - APR,17,Apr 25-May 01,all_ages_adj,Janssen,18,2679632,1295,53502786,0.671734029,2.420434704,3.603263493,0.561888364,3.643979827,6.4852381
death,04 - APR,17,Apr 25-May 01,all_ages_adj,Moderna,34,11297089,1295,53502786,0.300962487,2.420434704,8.042313609,0.09694459,3.643979827,37.58827401
death,04 - APR,17,Apr 25-May 01,all_ages_adj,Pfizer,61,13147410,1295,53502786,0.46396971,2.420434704,5.216794661,0.188889695,3.643979827,19.29157554
death,04 - APR,17,Apr 25-May 01,all_ages_adj,all_types,113,27175901,1295,53502786,0.415809581,2.420434704,5.821017159,0.165224981,3.643979827,22.05465422
death,05 - MAY,18,May 02-May 08,12-17,all_types,0,94625,2,8083697,0,0.0247412,,,,
death,05 - MAY,18,May 02-May 08,18-29,all_types,0,2467043,10,13141059,0,0.076097368,,,,
death,05 - MAY,18,May 02-May 08,30-49,all_types,1,6598338,91,17046653,0.0151553,0.533829133,35.22385057,,,
death,05 - MAY,18,May 02-May 08,50-64,all_types,17,8537322,284,9082668,0.199125674,3.126834538,15.70281958,,,
death,05 - MAY,18,May 02-May 08,65-79,all_types,38,10043622,416,3120462,0.378349564,13.33135927,35.23556137,,,
death,05 - MAY,18,May 02-May 08,80+,all_types,49,3012989,307,1227338,1.626292031,25.01348447,15.3806844,,,
death,05 - MAY,18,May 02-May 08,all_ages_adj,Janssen,18,2682152,1110,51701877,0.671102905,2.146923989,3.199098039,0.514525425,3.285139502,6.384795279
death,05 - MAY,18,May 02-May 08,all_ages_adj,Moderna,42,12796715,1110,51701877,0.328209232,2.146923989,6.541327241,0.121266045,3.285139502,27.09034926
death,05 - MAY,18,May 02-May 08,all_ages_adj,Pfizer,44,15220891,1110,51701877,0.289076375,2.146923989,7.426840004,0.132748143,3.285139502,24.74715973
death,05 - MAY,18,May 02-May 08,all_ages_adj,all_types,105,30753939,1110,51701877,0.34141968,2.146923989,6.288225656,0.149631739,3.285139502,21.95483078
death,05 - MAY,19,May 09-May 15,12-17,all_types,0,179361,2,8005493,0,0.0249828,,,,
death,05 - MAY,19,May 09-May 15,18-29,all_types,0,3061551,17,12825408,0,0.132549389,,,,
death,05 - MAY,19,May 09-May 15,30-49,all_types,2,7869252,84,16569352,0.0254154,0.506960079,19.94698308,,,
death,05 - MAY,19,May 09-May 15,50-64,all_types,6,9766693,233,8762310,0.0614333,2.659116146,43.28461842,,,
death,05 - MAY,19,May 09-May 15,65-79,all_types,32,10364171,331,3006217,0.308756002,11.01051587,35.66089666,,,
death,05 - MAY,19,May 09-May 15,80+,all_types,45,3075266,257,1201052,1.463288054,21.39790783,14.62316854,,,
death,05 - MAY,19,May 09-May 15,all_ages_adj,Janssen,11,2735227,924,50369832,0.402160406,1.834431372,4.561442016,0.340627888,2.795202362,8.206029096
death,05 - MAY,19,May 09-May 15,all_ages_adj,Moderna,26,14183032,924,50369832,0.183317643,1.834431372,10.00684571,0.077183905,2.795202362,36.21483474
death,05 - MAY,19,May 09-May 15,all_ages_adj,Pfizer,48,17341980,924,50369832,0.276785004,1.834431372,6.627640033,0.128307484,2.795202362,21.78518561
death,05 - MAY,19,May 09-May 15,all_ages_adj,all_types,85,34316294,924,50369832,0.247695745,1.834431372,7.40598662,0.114108131,2.795202362,24.49608402
death,05 - MAY,20,May 16-May 22,12-17,all_types,0,315091,3,7336837,0,0.0408896,,,,
death,05 - MAY,20,May 16-May 22,18-29,all_types,1,3828401,9,12481139,0.0261206,0.072108804,2.760614155,,,
death,05 - MAY,20,May 16-May 22,30-49,all_types,0,9205357,65,16049389,0,0.404999841,,,,
death,05 - MAY,20,May 16-May 22,50-64,all_types,10,10723358,183,8438830,0.093254371,2.168547062,23.25410648,,,
death,05 - MAY,20,May 16-May 22,65-79,all_types,40,10628722,291,2896647,0.376338755,10.04609813,26.69429604,,,
death,05 - MAY,20,May 16-May 22,80+,all_types,32,3128249,194,1177073,1.022936473,16.48156062,16.11200797,,,
death,05 - MAY,20,May 16-May 22,all_ages_adj,Janssen,15,2919696,745,48379915,0.513752117,1.539895223,2.997350615,0.36521323,2.352412047,6.44120161
death,05 - MAY,20,May 16-May 22,all_ages_adj,Moderna,38,15351171,745,48379915,0.247538119,1.539895223,6.220840761,0.108507394,2.352412047,21.67973969
death,05 - MAY,20,May 16-May 22,all_ages_adj,Pfizer,30,19499840,745,48379915,0.153847416,1.539895223,10.00923682,0.075773533,2.352412047,31.04529997
death,05 - MAY,20,May 16-May 22,all_ages_adj,all_types,83,37829178,745,48379915,0.219407358,1.539895223,7.01843018,0.105396917,2.352412047,22.31955268
death,05 - MAY,21,May 23-May 29,12-17,all_types,0,447698,1,6937585,0,0.0144142,,,,
death,05 - MAY,21,May 23-May 29,18-29,all_types,0,4538734,3,12178483,0,0.0246336,,,,
death,05 - MAY,21,May 23-May 29,30-49,all_types,0,10349483,62,15603009,0,0.397359253,,,,
death,05 - MAY,21,May 23-May 29,50-64,all_types,14,11477145,170,8173672,0.121981556,2.079848567,17.05051685,,,
death,05 - MAY,21,May 23-May 29,65-79,all_types,28,10846978,259,2807759,0.258136414,9.224438422,35.73474308,,,
death,05 - MAY,21,May 23-May 29,80+,all_types,31,3174044,183,1157604,0.976672031,15.80851483,16.18610376,,,
death,05 - MAY,21,May 23-May 29,all_ages_adj,Janssen,10,3104772,678,46858112,0.322084842,1.446921293,4.492360717,0.268242782,2.202210641,8.209766628
death,05 - MAY,21,May 23-May 29,all_ages_adj,Moderna,31,16490852,678,46858112,0.18798301,1.446921293,7.697085451,0.086091744,2.202210641,25.57981221
death,05 - MAY,21,May 23-May 29,all_ages_adj,Pfizer,32,21178922,678,46858112,0.15109362,1.446921293,9.576322876,0.082276636,2.202210641,26.76592956
death,05 - MAY,21,May 23-May 29,all_ages_adj,all_types,73,40834082,678,46858112,0.178772232,1.446921293,8.093657907,0.090408173,2.202210641,24.35853502
death,06 - JUN,22,May 30-Jun 05,12-17,all_types,0,571629,0,6737803,0,0,,,,
death,06 - JUN,22,May 30-Jun 05,18-29,all_types,0,5111928,6,11977502,0,0.0500939,,,,
death,06 - JUN,22,May 30-Jun 05,30-49,all_types,1,11283108,48,15304526,0.0088628,0.313632712,35.38751765,,,
death,06 - JUN,22,May 30-Jun 05,50-64,all_types,15,12077214,142,8001943,0.12420083,1.774569002,14.28789973,,,
death,06 - JUN,22,May 30-Jun 05,65-79,all_types,23,11031573,199,2751724,0.208492479,7.231829936,34.6862869,,,
death,06 - JUN,22,May 30-Jun 05,80+,all_types,35,3213972,135,1145125,1.088995175,11.78910599,10.82567331,,,
death,06 - JUN,22,May 30-Jun 05,all_ages_adj,Janssen,12,3299928,530,45918623,0.363644298,1.154215796,3.174024186,0.322396134,1.733788101,5.37781914
death,06 - JUN,22,May 30-Jun 05,all_ages_adj,Moderna,24,17496820,530,45918623,0.137167782,1.154215796,8.41462751,0.063266839,1.733788101,27.40437385
death,06 - JUN,22,May 30-Jun 05,all_ages_adj,Pfizer,38,22432263,530,45918623,0.16939887,1.154215796,6.813597973,0.102687683,1.733788101,16.88409025
death,06 - JUN,22,May 30-Jun 05,all_ages_adj,all_types,74,43289424,530,45918623,0.170942445,1.154215796,6.752072565,0.093028644,1.733788101,18.6371425
death,06 - JUN,23,Jun 06-Jun 12,12-17,all_types,0,660706,1,6558324,0,0.0152478,,,,
death,06 - JUN,23,Jun 06-Jun 12,18-29,all_types,0,5549944,6,11796960,0,0.0508606,,,,
death,06 - JUN,23,Jun 06-Jun 12,30-49,all_types,1,11993485,64,15036554,0.0083379,0.425629436,51.04780258,,,
death,06 - JUN,23,Jun 06-Jun 12,50-64,all_types,6,12538987,128,7851544,0.0478508,1.630252597,34.06952688,,,
death,06 - JUN,23,Jun 06-Jun 12,65-79,all_types,25,11180230,165,2700102,0.223608996,6.110880256,27.3284187,,,
death,06 - JUN,23,Jun 06-Jun 12,80+,all_types,31,3247315,107,1133292,0.954634829,9.441520808,9.890191014,,,
death,06 - JUN,23,Jun 06-Jun 12,all_ages_adj,Janssen,4,3482064,471,45076776,0.114874396,1.044883955,9.095882013,0.10463204,1.530297812,14.62551831
death,06 - JUN,23,Jun 06-Jun 12,all_ages_adj,Moderna,15,18334161,471,45076776,0.081814488,1.044883955,12.77138044,0.0344169,1.530297812,44.46352445
death,06 - JUN,23,Jun 06-Jun 12,all_ages_adj,Pfizer,44,23293263,471,45076776,0.188895819,1.044883955,5.531535631,0.109557128,1.530297812,13.96803507
death,06 - JUN,23,Jun 06-Jun 12,all_ages_adj,all_types,63,45170667,471,45076776,0.139471042,1.044883955,7.49176273,0.075298493,1.530297812,20.32308694
death,06 - JUN,24,Jun 13-Jun 19,12-17,all_types,0,733361,1,6404027,0,0.0156152,,,,
death,06 - JUN,24,Jun 13-Jun 19,18-29,all_types,0,5841724,10,11633335,0,0.085959873,,,,
death,06 - JUN,24,Jun 13-Jun 19,30-49,all_types,4,12455704,43,14788970,0.0321138,0.290757233,9.053965083,,,
death,06 - JUN,24,Jun 13-Jun 19,50-64,all_types,9,12840239,141,7713692,0.070092153,1.82791846,26.07878877,,,
death,06 - JUN,24,Jun 13-Jun 19,65-79,all_types,22,11282349,192,2652719,0.194994854,7.237856705,37.11819334,,,
death,06 - JUN,24,Jun 13-Jun 19,80+,all_types,42,3269786,142,1122590,1.284487731,12.64931988,9.847754534,,,
death,06 - JUN,24,Jun 13-Jun 19,all_ages_adj,Janssen,11,3612407,529,44315333,0.304506109,1.193717759,3.920176717,0.271165778,1.778873193,6.560094745
death,06 - JUN,24,Jun 13-Jun 19,all_ages_adj,Moderna,20,18884990,529,44315333,0.105904213,1.193717759,11.27167397,0.0585975,1.778873193,30.35751251
death,06 - JUN,24,Jun 13-Jun 19,all_ages_adj,Pfizer,46,23863761,529,44315333,0.192760898,1.193717759,6.192738109,0.125270471,1.778873193,14.20025949
death,06 - JUN,24,Jun 13-Jun 19,all_ages_adj,all_types,77,46423163,529,44315333,0.165865475,1.193717759,7.19690313,0.09817111,1.778873193,18.12012912
death,06 - JUN,25,Jun 20-Jun 26,12-17,all_types,0,1278498,0,6268867,0,0,,,,
death,06 - JUN,25,Jun 20-Jun 26,18-29,all_types,0,6120078,7,11484275,0,0.0609529,,,,
death,06 - JUN,25,Jun 20-Jun 26,30-49,all_types,1,12880738,63,14568398,0.00776353,0.432442881,55.70183448,,,
death,06 - JUN,25,Jun 20-Jun 26,50-64,all_types,13,13102261,155,7585599,0.099219516,2.043345555,20.59418983,,,
death,06 - JUN,25,Jun 20-Jun 26,65-79,all_types,34,11372939,202,2608457,0.298955266,7.744041784,25.90368083,,,
death,06 - JUN,25,Jun 20-Jun 26,80+,all_types,46,3290329,125,1112520,1.398036488,11.23575307,8.036809597,,,
death,06 - JUN,25,Jun 20-Jun 26,all_ages_adj,Janssen,14,3740299,552,43628116,0.374301627,1.265239141,3.380266209,0.340381444,1.863666405,5.475229159
death,06 - JUN,25,Jun 20-Jun 26,all_ages_adj,Moderna,30,19297290,552,43628116,0.155462244,1.265239141,8.138562206,0.077233499,1.863666405,24.13028595
death,06 - JUN,25,Jun 20-Jun 26,all_ages_adj,Pfizer,50,24944677,552,43628116,0.200443566,1.265239141,6.312196339,0.124663884,1.863666405,14.94952945
death,06 - JUN,25,Jun 20-Jun 26,all_ages_adj,all_types,94,48044843,552,43628116,0.195650551,1.265239141,6.466831476,0.110704793,1.863666405,16.83455938
death,06 - JUN,26,Jun 27-Jul 03,12-17,all_types,0,1663068,0,5983519,0,0,,,,
death,06 - JUN,26,Jun 27-Jul 03,18-29,all_types,0,6397971,12,11341128,0,0.105809581,,,,
death,06 - JUN,26,Jun 27-Jul 03,30-49,all_types,3,13299897,78,14357770,0.0225566,0.543259852,24.08433357,,,
death,06 - JUN,26,Jun 27-Jul 03,50-64,all_types,12,13349726,187,7466547,0.089889485,2.504504425,27.86203987,,,
death,06 - JUN,26,Jun 27-Jul 03,65-79,all_types,32,11456541,224,2567684,0.279316418,8.723814924,31.2327323,,,
death,06 - JUN,26,Jun 27-Jul 03,80+,all_types,39,3308695,164,1103531,1.178712453,14.86138586,12.60815207,,,
death,06 - JUN,26,Jun 27-Jul 03,all_ages_adj,Janssen,12,3858061,665,42820179,0.311037073,1.553006119,4.992993617,0.268757054,2.25279183,8.38226123
death,06 - JUN,26,Jun 27-Jul 03,all_ages_adj,Moderna,21,19690241,665,42820179,0.106651818,1.553006119,14.56145941,0.0520342,2.25279183,43.29443324
death,06 - JUN,26,Jun 27-Jul 03,all_ages_adj,Pfizer,53,25864509,665,42820179,0.204914,1.553006119,7.578819007,0.134640508,2.25279183,16.73190231
death,06 - JUN,26,Jun 27-Jul 03,all_ages_adj,all_types,86,49475898,665,42820179,0.173822009,1.553006119,8.934461899,0.103439397,2.25279183,21.77885705
death,07 - JUL,27,Jul 04-Jul 10,12-17,all_types,0,1864585,1,5884117,0,0.0169949,,,,
death,07 - JUL,27,Jul 04-Jul 10,18-29,all_types,0,6597576,21,11222523,0,0.187123698,,,,
death,07 - JUL,27,Jul 04-Jul 10,30-49,all_types,6,13595957,142,14182756,0.0441308,1.001215843,22.68747924,,,
death,07 - JUL,27,Jul 04-Jul 10,50-64,all_types,20,13526195,330,7366272,0.147861243,4.479878017,30.29785182,,,
death,07 - JUL,27,Jul 04-Jul 10,65-79,all_types,56,11517382,332,2532733,0.486221608,13.1083695,26.95966052,,,
death,07 - JUL,27,Jul 04-Jul 10,80+,all_types,72,3321812,206,1096098,2.167491718,18.79393996,8.670824344,,,
death,07 - JUL,27,Jul 04-Jul 10,all_ages_adj,Janssen,9,3956404,1032,42284499,0.227479297,2.440610683,10.72893541,0.209015477,3.447847394,16.49565596
death,07 - JUL,27,Jul 04-Jul 10,all_ages_adj,Moderna,48,19973992,1032,42284499,0.240312502,2.440610683,10.15598714,0.122514327,3.447847394,28.14240163
death,07 - JUL,27,Jul 04-Jul 10,all_ages_adj,Pfizer,95,26429669,1032,42284499,0.359444532,2.440610683,6.789950791,0.24472682,3.447847394,14.08855556
death,07 - JUL,27,Jul 04-Jul 10,all_ages_adj,all_types,154,50423507,1032,42284499,0.305413108,2.440610683,7.991178563,0.18495562,3.447847394,18.64148486
death,07 - JUL,28,Jul 11-Jul 17,12-17,all_types,0,2022857,1,5763212,0,0.0173514,,,,
death,07 - JUL,28,Jul 11-Jul 17,18-29,all_types,0,6755901,24,11089520,0,0.216420548,,,,
death,07 - JUL,28,Jul 11-Jul 17,30-49,all_types,8,13829748,220,13988939,0.0578463,1.572671094,27.18705615,,,
death,07 - JUL,28,Jul 11-Jul 17,50-64,all_types,28,13661514,458,7254311,0.204955322,6.313487249,30.8042123,,,
death,07 - JUL,28,Jul 11-Jul 17,65-79,all_types,101,11563652,544,2493310,0.873426492,21.818386,24.98022009,,,
death,07 - JUL,28,Jul 11-Jul 17,80+,all_types,128,3332199,319,1087487,3.841307197,29.33368399,7.63638066,,,
death,07 - JUL,28,Jul 11-Jul 17,all_ages_adj,Janssen,34,4038577,1566,41676779,0.841880692,3.757488073,4.463207326,0.797267229,5.399250787,6.772197066
death,07 - JUL,28,Jul 11-Jul 17,all_ages_adj,Moderna,70,20166412,1566,41676779,0.347111821,3.757488073,10.82500751,0.178387298,5.399250787,30.26701367
death,07 - JUL,28,Jul 11-Jul 17,all_ages_adj,Pfizer,161,26897083,1566,41676779,0.59857792,3.757488073,6.277358296,0.39897255,5.399250787,13.53288788
death,07 - JUL,28,Jul 11-Jul 17,all_ages_adj,all_types,265,51165871,1566,41676779,0.517923363,3.757488073,7.254911321,0.311247647,5.399250787,17.3471216
death,07 - JUL,29,Jul 18-Jul 24,12-17,all_types,0,2140348,1,5612419,0,0.0178176,,,,
death,07 - JUL,29,Jul 18-Jul 24,18-29,all_types,0,6878509,53,10936345,0,0.484622605,,,,
death,07 - JUL,29,Jul 18-Jul 24,30-49,all_types,10,14009623,358,13754724,0.071379508,2.602742156,36.46343637,,,
death,07 - JUL,29,Jul 18-Jul 24,50-64,all_types,53,13767497,714,7111820,0.384964674,10.03962418,26.07933881,,,
death,07 - JUL,29,Jul 18-Jul 24,65-79,all_types,197,11602211,818,2443296,1.697952227,33.47936558,19.71749561,,,
death,07 - JUL,29,Jul 18-Jul 24,80+,all_types,203,3340588,562,1077289,6.076774508,52.16798835,8.58481556,,,
death,07 - JUL,29,Jul 18-Jul 24,all_ages_adj,Janssen,63,4102048,2506,40935893,1.535818206,6.121767027,3.985997173,1.43819899,8.735353776,6.073814428
death,07 - JUL,29,Jul 18-Jul 24,all_ages_adj,Moderna,123,20314442,2506,40935893,0.605480574,6.121767027,10.11059197,0.293192783,8.735353776,29.79389081
death,07 - JUL,29,Jul 18-Jul 24,all_ages_adj,Pfizer,275,27258187,2506,40935893,1.008871206,6.121767027,6.067937105,0.664680557,8.735353776,13.14218338
death,07 - JUL,29,Jul 18-Jul 24,all_ages_adj,all_types,463,51738776,2506,40935893,0.89488008,6.121767027,6.840879761,0.531464715,8.735353776,16.43637579
death,07 - JUL,30,Jul 25-Jul 31,12-17,all_types,0,2259696,3,5417638,0,0.0553747,,,,
death,07 - JUL,30,Jul 25-Jul 31,18-29,all_types,1,7006447,65,10723788,0.0142726,0.606129103,42.46811435,,,
death,07 - JUL,30,Jul 25-Jul 31,30-49,all_types,29,14196335,516,13402699,0.204278076,3.849970816,18.84671567,,,
death,07 - JUL,30,Jul 25-Jul 31,50-64,all_types,81,13877466,1079,6898439,0.583680046,15.6412197,26.79759193,,,
death,07 - JUL,30,Jul 25-Jul 31,65-79,all_types,268,11642450,1148,2371279,2.301920987,48.41269205,21.03143084,,,
death,07 - JUL,30,Jul 25-Jul 31,80+,all_types,337,3349583,667,1063676,10.06095386,62.70706493,6.232715688,,,
death,07 - JUL,30,Jul 25-Jul 31,all_ages_adj,Janssen,93,4167639,3478,39877519,2.231479262,8.721706082,3.908486281,2.109076821,12.33916102,5.850503355
death,07 - JUL,30,Jul 25-Jul 31,all_ages_adj,Moderna,189,20463774,3478,39877519,0.923583304,8.721706082,9.443334506,0.484367159,12.33916102,25.47480929
death,07 - JUL,30,Jul 25-Jul 31,all_ages_adj,Pfizer,432,27636254,3478,39877519,1.563164096,8.721706082,5.579520477,1.061749785,12.33916102,11.6215338
death,07 - JUL,30,Jul 25-Jul 31,all_ages_adj,all_types,716,52331977,3478,39877519,1.368188326,8.721706082,6.374638577,0.847536274,12.33916102,14.55885889
death,08 - AUG,31,Aug 01-Aug 07,12-17,all_types,0,2368060,8,5192561,0,0.154066558,,,,
death,08 - AUG,31,Aug 01-Aug 07,18-29,all_types,1,7124360,80,10467834,0.0140363,0.764245975,54.44763454,,,
death,08 - AUG,31,Aug 01-Aug 07,30-49,all_types,21,14366461,619,12990961,0.146173786,4.764851499,32.59716821,,,
death,08 - AUG,31,Aug 01-Aug 07,50-64,all_types,108,13980787,1336,6662906,0.772488702,20.05131095,25.9567692,,,
death,08 - AUG,31,Aug 01-Aug 07,65-79,all_types,330,11679882,1394,2294396,2.82537101,60.75673075,21.50398321,,,
death,08 - AUG,31,Aug 01-Aug 07,80+,all_types,448,3358049,862,1048761,13.3410799,82.19222492,6.160837471,,,
death,08 - AUG,31,Aug 01-Aug 07,all_ages_adj,Janssen,99,4223873,4299,38657419,2.34382047,11.12076313,4.744716276,2.048191071,15.68735441,7.659126454
death,08 - AUG,31,Aug 01-Aug 07,all_ages_adj,Moderna,267,20594746,4299,38657419,1.296447162,11.12076313,8.577876106,0.645081807,15.68735441,24.31839534
death,08 - AUG,31,Aug 01-Aug 07,all_ages_adj,Pfizer,541,27994455,4299,38657419,1.932525566,11.12076313,5.754523162,1.333710357,15.68735441,11.76218984
death,08 - AUG,31,Aug 01-Aug 07,all_ages_adj,all_types,908,52877599,4299,38657419,1.717173278,11.12076313,6.476203232,1.051101015,15.68735441,14.92468772
death,08 - AUG,32,Aug 08-Aug 14,12-17,all_types,0,2460022,4,4965315,0,0.080558837,,,,
death,08 - AUG,32,Aug 08-Aug 14,18-29,all_types,2,7233921,74,10210603,0.0276475,0.724736825,26.21344469,,,
death,08 - AUG,32,Aug 08-Aug 14,30-49,all_types,17,14526436,700,12575134,0.117028017,5.56654108,47.56588397,,,
death,08 - AUG,32,Aug 08-Aug 14,50-64,all_types,128,14079933,1491,6438567,0.909095235,23.15732678,25.47293824,,,
death,08 - AUG,32,Aug 08-Aug 14,65-79,all_types,401,11715612,1617,2222304,3.422783206,72.76232235,21.25823284,,,
death,08 - AUG,32,Aug 08-Aug 14,80+,all_types,520,3365705,905,1034197,15.44995774,87.50750582,5.663931729,,,
death,08 - AUG,32,Aug 08-Aug 14,all_ages_adj,Janssen,141,4284954,4791,37446120,3.29058375,12.79438297,3.888180318,2.921416737,18.09296495,6.193216023
death,08 - AUG,32,Aug 08-Aug 14,all_ages_adj,Moderna,321,20719915,4791,37446120,1.549234155,12.79438297,8.258521109,0.769761467,18.09296495,23.50463841
death,08 - AUG,32,Aug 08-Aug 14,all_ages_adj,Pfizer,605,28312056,4791,37446120,2.136898853,12.79438297,5.987360118,1.466177111,18.09296495,12.34023148
death,08 - AUG,32,Aug 08-Aug 14,all_ages_adj,all_types,1068,53381629,4791,37446120,2.000688289,12.79438297,6.394990683,1.219727618,18.09296495,14.83361095
death,08 - AUG,33,Aug 15-Aug 21,12-17,all_types,2,2563918,2,4782482,0.078005615,0.0418193,0.536106147,,,
death,08 - AUG,33,Aug 15-Aug 21,18-29,all_types,0,7346752,75,9966285,0,0.752537179,,,,
death,08 - AUG,33,Aug 15-Aug 21,30-49,all_types,18,14690130,664,12189346,0.122531251,5.447380032,44.45706713,,,
death,08 - AUG,33,Aug 15-Aug 21,50-64,all_types,135,14181228,1403,6238995,0.951962693,22.48759616,23.62235025,,,
death,08 - AUG,33,Aug 15-Aug 21,65-79,all_types,382,11751832,1624,2152027,3.25055702,75.46373721,23.21563251,,,
death,08 - AUG,33,Aug 15-Aug 21,80+,all_types,529,3373468,945,1019649,15.68119217,92.67895129,5.910198042,,,
death,08 - AUG,33,Aug 15-Aug 21,all_ages_adj,Janssen,126,4351644,4713,36348784,2.895457441,12.96604585,4.478064733,2.65835066,18.44073253,6.936907462
death,08 - AUG,33,Aug 15-Aug 21,all_ages_adj,Moderna,319,20833363,4713,36348784,1.53119782,12.96604585,8.467910342,0.779002392,18.44073253,23.6722412
death,08 - AUG,33,Aug 15-Aug 21,all_ages_adj,Pfizer,616,28657342,4713,36348784,2.149536409,12.96604585,6.032019649,1.492427754,18.44073253,12.3561978
death,08 - AUG,33,Aug 15-Aug 21,all_ages_adj,all_types,1066,53907328,4713,36348784,1.977467702,12.96604585,6.55689387,1.222240249,18.44073253,15.08764954
death,08 - AUG,34,Aug 22-Aug 28,12-17,all_types,0,2687742,8,4624589,0,0.172988346,,,,
death,08 - AUG,34,Aug 22-Aug 28,18-29,all_types,0,7471075,60,9733761,0,0.616411272,,,,
death,08 - AUG,34,Aug 22-Aug 28,30-49,all_types,15,14877121,533,11828860,0.10082596,4.50592872,44.69016452,,,
death,08 - AUG,34,Aug 22-Aug 28,50-64,all_types,106,14297436,1233,6052128,0.741391673,20.37299938,27.4794014,,,
death,08 - AUG,34,Aug 22-Aug 28,65-79,all_types,395,11792702,1477,2084504,3.349529226,70.85618449,21.15407262,,,
death,08 - AUG,34,Aug 22-Aug 28,80+,all_types,508,3381950,804,1005265,15.02091988,79.97891103,5.324501539,,,
death,08 - AUG,34,Aug 22-Aug 28,all_ages_adj,Janssen,102,4416224,4115,35329107,2.309665452,11.64761962,5.042989934,2.175314036,16.66867403,7.66265181
death,08 - AUG,34,Aug 22-Aug 28,all_ages_adj,Moderna,337,20957205,4115,35329107,1.608038858,11.64761962,7.243369502,0.79539354,16.66867403,20.9565117
death,08 - AUG,34,Aug 22-Aug 28,all_ages_adj,Pfizer,584,29069427,4115,35329107,2.008983528,11.64761962,5.797767609,1.40215368,16.66867403,11.88790806
death,08 - AUG,34,Aug 22-Aug 28,all_ages_adj,all_types,1024,54508026,4115,35329107,1.878622425,11.64761962,6.200085482,1.152531936,16.66867403,14.46265696
death,09 - SEP,35,Aug 29-Sep 04,12-17,all_types,0,2844374,0,4485953,0,0,,,,
death,09 - SEP,35,Aug 29-Sep 04,18-29,all_types,1,7623597,60,9509450,0.0131172,0.630951317,48.10118566,,,
death,09 - SEP,35,Aug 29-Sep 04,30-49,all_types,20,15118145,474,11493795,0.132291362,4.123964278,31.17334497,,,
death,09 - SEP,35,Aug 29-Sep 04,50-64,all_types,91,14423718,1065,5879216,0.630905291,18.11466019,28.71217035,,,
death,09 - SEP,35,Aug 29-Sep 04,65-79,all_types,345,11780999,1275,2021482,2.928444353,63.07253787,21.53789871,,,
death,09 - SEP,35,Aug 29-Sep 04,80+,all_types,378,3375642,761,992042,11.19786992,76.71046186,6.85045124,,,
death,09 - SEP,35,Aug 29-Sep 04,all_ages_adj,Janssen,98,4478481,3635,34381938,2.188241951,10.5724116,4.83146372,2.09505041,15.09771983,7.206375447
death,09 - SEP,35,Aug 29-Sep 04,all_ages_adj,Moderna,266,21051548,3635,34381938,1.263565036,10.5724116,8.367128954,0.645049232,15.09771983,23.40553104
death,09 - SEP,35,Aug 29-Sep 04,all_ages_adj,Pfizer,470,29571583,3635,34381938,1.589363681,10.5724116,6.651977596,1.124633723,15.09771983,13.42456618
death,09 - SEP,35,Aug 29-Sep 04,all_ages_adj,all_types,835,55166475,3635,34381938,1.513600425,10.5724116,6.984942275,0.94544065,15.09771983,15.96897682
death,09 - SEP,36,Sep 05-Sep 11,12-17,all_types,0,3024922,5,4385109,0,0.114022251,,,,
death,09 - SEP,36,Sep 05-Sep 11,18-29,all_types,0,7802879,48,9342698,0,0.513770219,,,,
death,09 - SEP,36,Sep 05-Sep 11,30-49,all_types,18,15407066,465,11253004,0.116829512,4.132229936,35.36974409,,,
death,09 - SEP,36,Sep 05-Sep 11,50-64,all_types,115,14563768,972,5757629,0.789630815,16.88194915,21.37954703,,,
death,09 - SEP,36,Sep 05-Sep 11,65-79,all_types,336,11745850,1144,1976493,2.860584802,57.88029606,20.23372844,,,
death,09 - SEP,36,Sep 05-Sep 11,80+,all_types,431,3360111,614,982325,12.82695721,62.50477184,4.872922771,,,
death,09 - SEP,36,Sep 05-Sep 11,all_ages_adj,Janssen,107,4535642,3248,33697258,2.359092715,9.638766454,4.085793828,2.141390482,13.71153163,6.403097308
death,09 - SEP,36,Sep 05-Sep 11,all_ages_adj,Moderna,297,21184347,3248,33697258,1.401978546,9.638766454,6.875116943,0.726896157,13.71153163,18.86312302
death,09 - SEP,36,Sep 05-Sep 11,all_ages_adj,Pfizer,493,30120158,3248,33697258,1.636777603,9.638766454,5.888867516,1.188727677,13.71153163,11.53462808
death,09 - SEP,36,Sep 05-Sep 11,all_ages_adj,all_types,900,55904596,3248,33697258,1.609885527,9.638766454,5.987237162,1.023911016,13.71153163,13.39133129
death,09 - SEP,37,Sep 12-Sep 18,12-17,all_types,0,3212792,1,4289438,0,0.0233131,,,,
death,09 - SEP,37,Sep 12-Sep 18,18-29,all_types,1,7993602,54,9155241,0.01251,0.58982609,47.14835011,,,
death,09 - SEP,37,Sep 12-Sep 18,30-49,all_types,18,15710389,374,10982005,0.114573866,3.405571205,29.72380466,,,
death,09 - SEP,37,Sep 12-Sep 18,50-64,all_types,99,14709105,734,5625941,0.673052507,13.04670632,19.38438113,,,
death,09 - SEP,37,Sep 12-Sep 18,65-79,all_types,279,11711046,952,1929844,2.382366187,49.3304122,20.70647765,,,
death,09 - SEP,37,Sep 12-Sep 18,80+,all_types,350,3343256,540,972515,10.46883637,55.52613584,5.303945338,,,
death,09 - SEP,37,Sep 12-Sep 18,all_ages_adj,Janssen,94,4583994,2655,32954984,2.050613504,8.056444512,3.92879716,2.03076637,11.51278126,5.669180575
death,09 - SEP,37,Sep 12-Sep 18,all_ages_adj,Moderna,252,21364553,2655,32954984,1.179523859,8.056444512,6.83025142,0.628585069,11.51278126,18.3153909
death,09 - SEP,37,Sep 12-Sep 18,all_ages_adj,Pfizer,399,30667640,2655,32954984,1.301045662,8.056444512,6.19228421,0.954064973,11.51278126,12.06708305
death,09 - SEP,37,Sep 12-Sep 18,all_ages_adj,all_types,747,56680190,2655,32954984,1.317920776,8.056444512,6.11299606,0.855720573,11.51278126,13.45390263
death,09 - SEP,38,Sep 19-Sep 25,12-17,all_types,1,3356200,3,4217441,0.0297956,0.071133182,2.387371868,,,
death,09 - SEP,38,Sep 19-Sep 25,18-29,all_types,0,8152170,32,9007076,0,0.355276229,,,,
death,09 - SEP,38,Sep 19-Sep 25,30-49,all_types,17,15963007,273,10768572,0.106496226,2.535155079,23.80511663,,,
death,09 - SEP,38,Sep 19-Sep 25,50-64,all_types,71,14826368,674,5523713,0.478876553,12.20193736,25.48033994,,,
death,09 - SEP,38,Sep 19-Sep 25,65-79,all_types,215,11690902,710,1890709,1.839036885,37.55205058,20.41941131,,,
death,09 - SEP,38,Sep 19-Sep 25,80+,all_types,308,3331639,415,963568,9.244699081,43.0690932,4.658788007,,,
death,09 - SEP,38,Sep 19-Sep 25,all_ages_adj,Janssen,54,4617019,2107,32371079,1.16958583,6.508896413,5.565129335,1.218146682,9.173516178,7.530715563
death,09 - SEP,38,Sep 19-Sep 25,all_ages_adj,Moderna,233,21540167,2107,32371079,1.081700063,6.508896413,6.017283937,0.576310477,9.173516178,15.91766339
death,09 - SEP,38,Sep 19-Sep 25,all_ages_adj,Pfizer,323,31099287,2107,32371079,1.03860902,6.508896413,6.266936149,0.785593668,9.173516178,11.67717683
death,09 - SEP,38,Sep 19-Sep 25,all_ages_adj,all_types,612,57320286,2107,32371079,1.067684833,6.508896413,6.096271307,0.707935032,9.173516178,12.95813283
death,09 - SEP,39,Sep 26-Oct 02,12-17,all_types,1,3494253,2,4159163,0.0286184,0.0480866,1.6802674,,,
death,09 - SEP,39,Sep 26-Oct 02,18-29,all_types,0,8339920,17,8880865,0,0.191422795,,,,
death,09 - SEP,39,Sep 26-Oct 02,30-49,all_types,18,16257881,177,10581120,0.110715535,1.672790782,15.10890749,,,
death,09 - SEP,39,Sep 26-Oct 02,50-64,all_types,59,14958491,454,5431446,0.394424812,8.358731726,21.19220564,,,
death,09 - SEP,39,Sep 26-Oct 02,65-79,all_types,183,11672167,580,1819985,1.567832263,31.86839452,20.32640562,,,
death,09 - SEP,39,Sep 26-Oct 02,80+,all_types,216,3319065,362,945567,6.507856881,38.28390796,5.882721249,,,
death,09 - SEP,39,Sep 26-Oct 02,all_ages_adj,Janssen,45,4658951,1592,31818146,0.965882663,5.003434204,5.180167731,0.8806967,7.294130947,8.282228089
death,09 - SEP,39,Sep 26-Oct 02,all_ages_adj,Moderna,187,21757191,1592,31818146,0.859485951,5.003434204,5.821426397,0.4570304,7.294130947,15.95983756
death,09 - SEP,39,Sep 26-Oct 02,all_ages_adj,Pfizer,245,31562079,1592,31818146,0.776247978,5.003434204,6.445664719,0.603403007,7.294130947,12.08832383
death,09 - SEP,39,Sep 26-Oct 02,all_ages_adj,all_types,477,58041777,1592,31818146,0.82182184,5.003434204,6.08822248,0.553413552,7.294130947,13.18025357
